t_s,thrust_N,Pc_Pa,Kn
0.00000,0.000,101325.0,186.55
0.01768,0.000,391157.4,186.58
0.03537,736413.193,734545.2,186.60
0.05306,1643604.104,1093457.0,186.64
0.07075,2538914.692,1447668.6,186.68
0.08845,3394917.451,1786328.8,186.72
0.10616,4197122.829,2103705.2,186.77
0.12388,4938703.587,2397096.6,186.82
0.14160,5617526.212,2665659.1,186.87
0.15934,6234350.338,2909693.2,186.92
0.17708,6791688.143,3130192.6,186.97
0.19483,7293063.855,3328551.8,187.02
0.21258,7742527.485,3506373.0,187.08
0.23035,8144335.215,3665340.2,187.14
0.24813,8502741.355,3807136.3,187.19
0.26591,8821865.961,3933391.5,187.25
0.28371,9105614.073,4045650.8,187.31
0.30151,9357630.241,4145355.9,187.37
0.31933,9581277.015,4233837.2,187.43
0.33715,9779629.547,4312311.4,187.49
0.35499,9955480.798,4381883.4,187.55
0.37283,10111353.490,4443551.3,187.61
0.39068,10249516.112,4498212.5,187.67
0.40855,10372001.093,4546671.3,187.74
0.42642,10480623.868,4589645.7,187.80
0.44430,10576953.322,4627756.5,187.85
0.46220,10662281.715,4661514.9,187.89
0.48010,10737896.436,4691430.4,187.94
0.49801,10804949.395,4717958.5,187.98
0.51594,10864460.186,4741502.8,188.03
0.53387,10917330.268,4762419.8,188.08
0.55182,10964355.879,4781024.5,188.12
0.56977,11006239.731,4797595.0,188.17
0.58774,11043601.542,4812376.4,188.21
0.60571,11076987.502,4825584.9,188.26
0.62370,11106878.735,4837410.8,188.30
0.64170,11133698.853,4848021.6,188.35
0.65970,11157820.677,4857564.9,188.40
0.67772,11179572.211,4866170.5,188.44
0.69575,11199241.937,4873952.4,188.49
0.71378,11217083.512,4881011.1,188.53
0.73183,11233319.920,4887434.7,188.58
0.74989,11248147.137,4893300.8,188.63
0.76796,11261737.375,4898677.5,188.67
0.78604,11274241.939,4903624.7,188.72
0.80413,11285749.371,4908177.3,188.76
0.82223,11296281.517,4912344.2,188.79
0.84034,11305951.697,4916170.0,188.83
0.85846,11314865.460,4919696.5,188.86
0.87660,11323115.499,4922960.5,188.89
0.89474,11330783.213,4925994.1,188.93
0.91289,11337940.075,4928825.5,188.96
0.93106,11344648.841,4931479.7,189.00
0.94923,11350964.607,4933978.4,189.03
0.96742,11356935.747,4936340.8,189.07
0.98561,11362604.723,4938583.6,189.10
1.00382,11368008.817,4940721.6,189.14
1.02204,11373180.750,4942767.8,189.17
1.04026,11378149.251,4944733.5,189.20
1.05850,11382939.533,4946628.7,189.24
1.07675,11387573.729,4948462.1,189.27
1.09501,11392071.268,4950241.5,189.31
1.11328,11396449.202,4951973.5,189.34
1.13156,11400722.497,4953664.1,189.38
1.14985,11404897.825,4955316.0,189.41
1.16816,11408882.302,4956892.4,189.43
1.18647,11412651.172,4958383.5,189.45
1.20479,11416230.996,4959799.8,189.48
1.22313,11419645.089,4961150.5,189.50
1.24147,11422913.917,4962443.7,189.52
1.25983,11426055.441,4963686.6,189.54
1.27820,11429085.430,4964885.4,189.56
1.29657,11432017.722,4966045.5,189.58
1.31496,11434864.465,4967171.7,189.61
1.33336,11437636.319,4968268.3,189.63
1.35177,11440342.641,4969339.1,189.65
1.37019,11442991.646,4970387.1,189.67
1.38862,11445590.541,4971415.3,189.70
1.40706,11448145.652,4972426.2,189.72
1.42552,11450662.532,4973421.9,189.74
1.44398,11453146.055,4974404.5,189.76
1.46245,11455600.495,4975375.5,189.78
1.48094,11458029.608,4976336.5,189.81
1.49944,11460436.688,4977288.9,189.83
1.51794,11462766.566,4978210.6,189.84
1.53646,11464968.938,4979081.9,189.85
1.55499,11467059.058,4979908.9,189.87
1.57353,11469050.761,4980696.8,189.88
1.59208,11470956.194,4981450.7,189.89
1.61064,11472786.014,4982174.6,189.90
1.62921,11474549.579,4982872.3,189.92
1.64780,11476255.097,4983547.1,189.93
1.66639,11477909.777,4984201.7,189.94
1.68500,11479519.944,4984838.8,189.95
1.70361,11481091.148,4985460.4,189.97
1.72224,11482628.262,4986068.5,189.98
1.74088,11484135.563,4986664.8,189.99
1.75953,11485616.804,4987250.9,190.01
1.77819,11487075.277,4987827.9,190.02
1.79686,11488513.875,4988397.0,190.03
1.81554,11489935.135,4988959.3,190.04
1.83423,11491341.282,4989515.6,190.06
1.85294,11492734.272,4990066.7,190.07
1.87165,11494186.120,4990641.1,190.09
1.89038,11495765.509,4991266.0,190.12
1.90912,11497457.924,4991935.6,190.14
1.92786,11499249.748,4992644.5,190.17
1.94662,11501129.034,4993388.0,190.19
1.96539,11503085.298,4994161.9,190.22
1.98417,11505109.339,4994962.7,190.24
2.00297,11507193.084,4995787.1,190.27
2.02177,11509329.448,4996632.3,190.29
2.04058,11511512.213,4997495.9,190.32
2.05941,11513735.923,4998375.6,190.34
2.07824,11515995.792,4999269.7,190.36
2.09709,11518287.617,5000176.4,190.39
2.11595,11520607.712,5001094.3,190.41
2.13482,11522952.842,5002022.1,190.44
2.15370,11525320.169,5002958.7,190.46
2.17259,11527707.201,5003903.1,190.49
2.19150,11530111.751,5004854.4,190.51
2.21041,11532530.025,5005811.1,190.54
2.22934,11534922.946,5006757.8,190.56
2.24827,11537272.989,5007687.6,190.58
2.26722,11539585.575,5008602.5,190.60
2.28618,11541865.465,5009504.5,190.62
2.30515,11544116.834,5010395.2,190.64
2.32413,11546343.349,5011276.1,190.66
2.34313,11548548.228,5012148.4,190.68
2.36213,11550734.295,5013013.3,190.70
2.38115,11552904.027,5013871.7,190.72
2.40017,11555059.601,5014724.5,190.74
2.41921,11557202.927,5015572.5,190.76
2.43826,11559335.679,5016416.2,190.78
2.45732,11561459.331,5017256.4,190.80
2.47639,11563575.173,5018093.5,190.82
2.49547,11565684.338,5018928.0,190.84
2.51457,11567787.822,5019760.2,190.86
2.53367,11569886.497,5020590.5,190.88
2.55279,11571981.131,5021419.2,190.90
2.57192,11574052.199,5022238.5,190.92
2.59106,11576021.272,5023017.6,190.93
2.61021,11577894.444,5023758.6,190.94
2.62937,11579683.545,5024466.5,190.95
2.64854,11581398.958,5025145.1,190.96
2.66773,11583049.794,5025798.3,190.97
2.68692,11584644.050,5026429.0,190.99
2.70613,11586188.746,5027040.1,191.00
2.72535,11587690.042,5027634.1,191.01
2.74458,11589153.345,5028213.0,191.02
2.76382,11590583.400,5028778.8,191.03
2.78308,11591984.371,5029333.0,191.04
2.80234,11593359.913,5029877.2,191.06
2.82162,11594713.236,5030412.7,191.07
2.84090,11596047.153,5030940.4,191.08
2.86020,11597364.137,5031461.4,191.09
2.87951,11598666.357,5031976.6,191.10
2.89883,11599955.716,5032486.7,191.11
2.91817,11601222.145,5032987.8,191.12
2.93751,11602303.702,5033415.7,191.11
2.95687,11603160.246,5033754.6,191.11
2.97623,11603819.248,5034015.3,191.10
2.99561,11604304.821,5034207.4,191.09
3.01500,11604638.128,5034339.2,191.08
3.03441,11604837.747,5034418.2,191.08
3.05382,11604919.982,5034450.8,191.07
3.07325,11604899.143,5034442.5,191.06
3.09268,11604787.791,5034398.5,191.05
3.11213,11604596.950,5034323.0,191.05
3.13159,11604336.294,5034219.8,191.04
3.15106,11604014.315,5034092.4,191.03
3.17054,11603638.465,5033943.8,191.02
3.19004,11603215.286,5033776.3,191.02
3.20954,11602750.517,5033592.5,191.01
3.22906,11602249.198,5033394.1,191.00
3.24859,11601715.749,5033183.1,190.99
3.26813,11601161.667,5032963.9,190.99
3.28768,11600772.135,5032809.7,191.01
3.30725,11600640.306,5032757.6,191.02
3.32682,11600734.758,5032795.0,191.04
3.34641,11601027.925,5032910.9,191.06
3.36601,11601495.615,5033096.0,191.07
3.38562,11602116.604,5033341.7,191.09
3.40524,11602872.265,5033640.6,191.11
3.42487,11603746.254,5033986.4,191.12
3.44452,11604724.229,5034373.3,191.14
3.46418,11605793.604,5034796.4,191.16
3.48384,11606943.335,5035251.3,191.18
3.50352,11608163.729,5035734.1,191.19
3.52322,11609446.282,5036241.5,191.21
3.54292,11610783.531,5036770.6,191.23
3.56264,11612168.925,5037318.7,191.24
3.58236,11613596.716,5037883.5,191.26
3.60210,11615061.861,5038463.2,191.28
3.62185,11616555.713,5039054.2,191.29
3.64161,11617999.055,5039625.2,191.30
3.66139,11619359.720,5040163.5,191.31
3.68117,11620647.887,5040673.2,191.31
3.70097,11621872.485,5041157.7,191.32
3.72078,11623041.354,5041620.1,191.33
3.74060,11624161.373,5042063.2,191.34
3.76043,11625238.581,5042489.4,191.34
3.78028,11626278.276,5042900.7,191.35
3.80013,11627285.110,5043299.1,191.36
3.82000,11628263.164,5043686.0,191.37
3.83988,11629216.020,5044063.0,191.37
3.85977,11630146.822,5044431.2,191.38
3.87968,11631058.330,5044791.9,191.39
3.89959,11631952.966,5045145.8,191.40
3.91952,11632832.854,5045493.9,191.41
3.93946,11633699.859,5045836.9,191.41
3.95941,11634555.619,5046175.5,191.42
3.97937,11635415.475,5046515.7,191.43
3.99935,11636416.552,5046911.7,191.46
4.01933,11637560.802,5047364.4,191.48
4.03933,11638830.883,5047866.9,191.50
4.05934,11640211.578,5048413.2,191.52
4.07937,11641689.535,5048997.9,191.54
4.09940,11643253.036,5049616.5,191.56
4.11945,11644891.800,5050264.8,191.58
4.13950,11646596.801,5050939.4,191.60
4.15957,11648360.123,5051637.0,191.63
4.17966,11650174.817,5052354.9,191.65
4.19975,11652034.786,5053090.8,191.67
4.21986,11653934.679,5053842.4,191.69
4.23997,11655869.800,5054608.0,191.71
4.26010,11657836.028,5055385.9,191.73
4.28025,11659829.748,5056174.7,191.75
4.30040,11661847.785,5056973.1,191.78
4.32057,11663887.356,5057780.0,191.80
4.34074,11665950.064,5058596.1,191.82
4.36093,11668038.359,5059422.3,191.84
4.38114,11670149.435,5060257.5,191.86
4.40135,11672280.702,5061100.7,191.89
4.42158,11674429.891,5061951.0,191.91
4.44181,11676595.008,5062807.5,191.93
4.46207,11678774.304,5063669.7,191.95
4.48233,11680966.246,5064536.9,191.98
4.50260,11683169.487,5065408.6,192.00
4.52289,11685382.846,5066284.3,192.02
4.54319,11687605.285,5067163.5,192.04
4.56350,11689835.896,5068046.0,192.07
4.58382,11692073.880,5068931.4,192.09
4.60416,11694318.537,5069819.5,192.11
4.62450,11696569.254,5070709.9,192.13
4.64486,11698825.490,5071602.6,192.15
4.66524,11701086.774,5072497.2,192.18
4.68562,11703325.331,5073382.9,192.19
4.70602,11705393.923,5074201.2,192.20
4.72642,11707300.472,5074955.5,192.21
4.74684,11709064.860,5075653.6,192.21
4.76728,11710704.537,5076302.3,192.22
4.78772,11712234.820,5076907.7,192.23
4.80818,11713669.153,5077475.2,192.23
4.82865,11715019.336,5078009.3,192.24
4.84913,11716295.723,5078514.3,192.25
4.86962,11717507.403,5078993.7,192.26
4.89013,11718662.354,5079450.6,192.26
4.91065,11719767.576,5079887.9,192.27
4.93118,11720829.213,5080307.9,192.28
4.95172,11721852.659,5080712.8,192.29
4.97228,11722842.646,5081104.5,192.29
4.99284,11723803.327,5081484.6,192.30
5.01342,11724738.348,5081854.5,192.31
5.03402,11725659.994,5082219.1,192.32
5.05462,11726666.610,5082617.4,192.34
5.07524,11727766.851,5083052.6,192.35
5.09587,11728949.405,5083520.5,192.37
5.11651,11730204.345,5084017.0,192.39
5.13716,11731522.961,5084538.7,192.41
5.15783,11732897.609,5085082.5,192.42
5.17851,11734321.580,5085645.9,192.44
5.19920,11735788.988,5086226.4,192.46
5.21990,11737294.668,5086822.1,192.48
5.24062,11738834.086,5087431.2,192.49
5.26135,11740403.265,5088052.0,192.51
5.28209,11741998.713,5088683.2,192.53
5.30284,11743617.367,5089323.6,192.55
5.32361,11745256.538,5089972.1,192.56
5.34439,11746913.867,5090627.8,192.58
5.36518,11748587.285,5091289.8,192.60
5.38598,11750265.171,5091953.7,192.61
5.40680,11751847.477,5092579.7,192.62
5.42763,11753329.970,5093166.2,192.63
5.44847,11754724.925,5093718.1,192.63
5.46932,11756043.112,5094239.6,192.64
5.49019,11757293.987,5094734.5,192.65
5.51106,11758485.848,5095206.0,192.66
5.53195,11759625.977,5095657.1,192.66
5.55286,11760720.766,5096090.2,192.67
5.57377,11761775.824,5096507.6,192.68
5.59470,11762796.074,5096911.3,192.69
5.61564,11763785.838,5097302.8,192.69
5.63660,11764748.907,5097683.8,192.70
5.65756,11765688.610,5098055.6,192.71
5.67854,11766607.866,5098419.3,192.72
5.69953,11767509.241,5098775.9,192.72
5.72054,11768394.983,5099126.3,192.73
5.74156,11769265.933,5099470.9,192.74
5.76258,11770120.138,5099808.9,192.75
5.78363,11770959.420,5100140.9,192.75
5.80468,11771785.663,5100467.8,192.76
5.82575,11772600.519,5100790.2,192.77
5.84683,11773405.441,5101108.6,192.77
5.86792,11774201.703,5101423.7,192.78
5.88903,11774990.422,5101735.7,192.79
5.91014,11775772.579,5102045.1,192.80
5.93128,11776549.034,5102352.3,192.80
5.95242,11777320.544,5102657.6,192.81
5.97358,11778087.772,5102961.1,192.82
5.99474,11778851.300,5103263.2,192.82
6.01593,11779611.641,5103564.0,192.83
6.03712,11780369.241,5103863.7,192.84
6.05833,11781124.495,5104162.5,192.85
6.07955,11781879.016,5104461.0,192.85
6.10078,11782735.893,5104800.0,192.88
6.12203,11783771.023,5105209.6,192.90
6.14328,11784962.784,5105681.1,192.92
6.16455,11786292.202,5106207.0,192.94
6.18584,11787742.629,5106780.9,192.97
6.20714,11789299.455,5107396.8,192.99
6.22844,11790949.861,5108049.7,193.01
6.24977,11792682.596,5108735.3,193.03
6.27110,11794487.789,5109449.4,193.06
6.29245,11796356.775,5110188.9,193.08
6.31381,11798281.954,5110950.5,193.10
6.33518,11800256.654,5111731.8,193.13
6.35657,11802275.022,5112530.3,193.15
6.37797,11804331.919,5113344.1,193.17
6.39938,11806422.838,5114171.3,193.19
6.42081,11808543.823,5115010.4,193.22
6.44225,11810676.471,5115854.2,193.24
6.46370,11812751.996,5116675.3,193.25
6.48516,11814771.972,5117474.5,193.27
6.50664,11816743.335,5118254.4,193.28
6.52813,11818672.171,5119017.5,193.30
6.54963,11820563.823,5119765.9,193.31
6.57115,11822422.978,5120501.4,193.33
6.59268,11824253.753,5121225.7,193.35
6.61422,11826059.757,5121940.3,193.36
6.63577,11827844.163,5122646.2,193.38
6.65734,11829609.749,5123344.7,193.39
6.67892,11831358.959,5124036.8,193.41
6.70052,11833093.935,5124723.2,193.43
6.72212,11834816.559,5125404.7,193.44
6.74375,11836528.481,5126082.0,193.46
6.76538,11838231.149,5126755.6,193.47
6.78702,11839927.394,5127426.7,193.49
6.80868,11841637.413,5128103.2,193.51
6.83036,11843365.496,5128786.9,193.53
6.85204,11845109.593,5129476.9,193.54
6.87374,11846867.906,5130172.6,193.56
6.89545,11848638.853,5130873.2,193.58
6.91718,11850421.051,5131578.3,193.60
6.93892,11852213.283,5132287.4,193.62
6.96067,11854014.480,5133000.0,193.63
6.98243,11855823.707,5133715.8,193.65
7.00421,11857640.144,5134434.4,193.67
7.02600,11859463.069,5135155.6,193.69
7.04780,11861291.849,5135879.1,193.71
7.06962,11863125.930,5136604.7,193.73
7.09145,11864964.826,5137332.3,193.74
7.11330,11866808.109,5138061.5,193.76
7.13515,11868650.313,5138790.3,193.78
7.15702,11870410.584,5139486.8,193.79
7.17891,11872062.594,5140140.3,193.80
7.20080,11873619.660,5140756.4,193.80
7.22271,11875093.470,5141339.5,193.81
7.24464,11876494.283,5141893.7,193.82
7.26657,11877831.104,5142422.5,193.83
7.28852,11879111.833,5142929.2,193.84
7.31049,11880343.406,5143416.5,193.85
7.33246,11881531.909,5143886.7,193.86
7.35445,11882682.682,5144342.0,193.86
7.37646,11883800.416,5144784.2,193.87
7.39847,11884889.222,5145214.9,193.88
7.42050,11885952.713,5145635.7,193.89
7.44255,11886994.057,5146047.7,193.90
7.46460,11888016.036,5146452.0,193.91
7.48667,11889027.507,5146852.2,193.92
7.50876,11890113.712,5147281.9,193.94
7.53085,11891293.975,5147748.9,193.95
7.55296,11892556.939,5148248.5,193.97
7.57509,11893892.641,5148777.0,193.99
7.59722,11895292.336,5149330.7,194.01
7.61937,11896748.350,5149906.8,194.03
7.64154,11898253.950,5150502.4,194.04
7.66371,11899803.225,5151115.4,194.06
7.68591,11901390.991,5151743.5,194.08
7.70811,11903012.696,5152385.1,194.10
7.73033,11904664.348,5153038.6,194.12
7.75256,11906342.443,5153702.5,194.14
7.77480,11908043.904,5154375.6,194.15
7.79706,11909766.034,5155057.0,194.17
7.81933,11911506.464,5155745.5,194.19
7.84162,11913261.277,5156439.8,194.21
7.86392,11915016.432,5157134.2,194.22
7.88623,11916770.922,5157828.3,194.24
7.90856,11918524.980,5158522.3,194.26
7.93090,11920278.807,5159216.1,194.28
7.95325,11922032.584,5159910.0,194.29
7.97562,11923786.469,5160603.9,194.31
7.99800,11925540.597,5161297.8,194.33
8.02039,11927295.091,5161992.0,194.34
8.04280,11929050.056,5162686.3,194.36
8.06522,11930805.585,5163380.8,194.38
8.08765,11932561.761,5164075.6,194.40
8.11010,11934318.655,5164770.7,194.41
8.13257,11936076.333,5165466.1,194.43
8.15504,11937834.849,5166161.8,194.45
8.17753,11939594.252,5166857.9,194.46
8.20004,11941361.793,5167557.2,194.48
8.22255,11943145.239,5168262.8,194.50
8.24508,11944942.987,5168974.0,194.52
8.26763,11946753.450,5169690.3,194.54
8.29019,11948575.239,5170411.0,194.56
8.31276,11950407.131,5171135.8,194.57
8.33534,11952248.055,5171864.1,194.59
8.35794,11954097.072,5172595.6,194.61
8.38056,11955953.358,5173330.0,194.63
8.40318,11957816.190,5174067.0,194.65
8.42583,11959684.932,5174806.4,194.67
8.44848,11961559.027,5175547.8,194.69
8.47115,11963437.987,5176291.2,194.70
8.49383,11965321.382,5177036.3,194.72
8.51653,11967208.837,5177783.0,194.74
8.53924,11969102.243,5178532.1,194.76
8.56196,11971022.426,5179291.8,194.78
8.58470,11972968.765,5180061.8,194.80
8.60745,11974938.247,5180841.0,194.82
8.63022,11976928.230,5181628.3,194.84
8.65300,11978936.392,5182422.8,194.86
8.67579,11980960.698,5183223.7,194.89
8.69860,11982999.362,5184030.2,194.91
8.72142,11985050.817,5184841.9,194.93
8.74426,11987113.686,5185658.0,194.95
8.76710,11989186.763,5186478.2,194.97
8.78997,11991268.988,5187302.0,194.99
8.81285,11993359.432,5188129.0,195.01
8.83574,11995457.280,5188959.0,195.03
8.85864,11997561.818,5189791.6,195.05
8.88156,11999672.826,5190626.8,195.07
8.90449,12001797.483,5191467.3,195.10
8.92744,12003938.450,5192314.4,195.12
8.95040,12006093.932,5193167.1,195.14
8.97338,12008262.356,5194025.0,195.16
8.99637,12010442.339,5194887.5,195.18
9.01937,12012632.669,5195754.1,195.20
9.04239,12014832.281,5196624.3,195.23
9.06542,12017040.243,5197497.8,195.25
9.08847,12019255.737,5198374.3,195.27
9.11153,12021478.044,5199253.6,195.29
9.13460,12023706.533,5200135.2,195.31
9.15769,12025940.652,5201019.1,195.34
9.18079,12028179.915,5201905.0,195.36
9.20391,12030423.899,5202792.8,195.38
9.22704,12032670.806,5203681.7,195.40
9.25019,12034831.850,5204536.7,195.41
9.27335,12036844.317,5205332.9,195.42
9.29652,12038726.464,5206077.5,195.43
9.31971,12040494.314,5206777.0,195.44
9.34291,12042161.930,5207436.7,195.45
9.36613,12043741.656,5208061.7,195.46
9.38936,12045244.325,5208656.2,195.47
9.41260,12046679.444,5209224.0,195.48
9.43586,12048055.358,5209768.3,195.49
9.45913,12049379.389,5210292.2,195.49
9.48242,12050657.965,5210798.0,195.50
9.50572,12051896.727,5211288.1,195.51
9.52904,12053100.624,5211764.4,195.52
9.55237,12054274.003,5212228.6,195.53
9.57572,12055422.104,5212682.8,195.54
9.59907,12056619.372,5213156.5,195.56
9.62245,12057916.603,5213669.7,195.58
9.64584,12059301.737,5214217.7,195.60
9.66924,12060764.188,5214796.3,195.62
9.69266,12062294.668,5215401.8,195.64
9.71609,12063885.027,5216031.0,195.66
9.73953,12065528.111,5216681.1,195.68
9.76299,12067217.643,5217349.5,195.70
9.78647,12068948.115,5218034.1,195.72
9.80996,12070714.694,5218733.0,195.74
9.83346,12072513.139,5219444.6,195.76
9.85698,12074339.729,5220167.2,195.78
9.88051,12076191.198,5220899.7,195.80
9.90406,12078064.679,5221640.9,195.82
9.92762,12079956.915,5222389.5,195.83
9.95119,12081853.396,5223139.8,195.85
9.97478,12083747.926,5223889.4,195.87
9.99839,12085640.908,5224638.3,195.89
10.02201,12087532.695,5225386.7,195.91
10.04564,12089423.599,5226134.8,195.93
10.06929,12091313.891,5226882.7,195.94
10.09295,12093203.813,5227630.4,195.96
10.11663,12095093.574,5228378.1,195.98
10.14032,12096983.359,5229125.7,196.00
10.16403,12098873.331,5229873.4,196.02
10.18775,12100763.634,5230621.3,196.04
10.21149,12102654.392,5231369.3,196.05
10.23524,12104545.715,5232117.6,196.07
10.25900,12106437.701,5232866.1,196.09
10.28278,12108319.704,5233610.7,196.11
10.30658,12110112.371,5234319.9,196.12
10.33039,12111819.380,5234995.3,196.13
10.35421,12113451.303,5235640.9,196.14
10.37805,12115017.421,5236260.5,196.15
10.40191,12116525.875,5236857.3,196.16
10.42577,12117983.816,5237434.1,196.17
10.44966,12119397.515,5237993.4,196.18
10.47355,12120772.477,5238537.4,196.19
10.49747,12122113.535,5239068.0,196.20
10.52139,12123424.929,5239586.8,196.21
10.54534,12124710.379,5240095.3,196.22
10.56929,12125973.153,5240594.9,196.23
10.59327,12127216.118,5241086.7,196.24
10.61725,12128441.789,5241571.6,196.25
10.64125,12129658.825,5242053.1,196.27
10.66527,12130875.190,5242534.3,196.28
10.68930,12132091.135,5243015.4,196.29
10.71335,12133306.812,5243496.4,196.30
10.73741,12134522.356,5243977.3,196.31
10.76148,12135737.884,5244458.2,196.32
10.78557,12136953.497,5244939.1,196.34
10.80968,12138169.288,5245420.1,196.35
10.83380,12139385.336,5245901.2,196.36
10.85793,12140601.711,5246382.4,196.37
10.88209,12141818.475,5246863.8,196.38
10.90625,12143035.683,5247345.4,196.39
10.93043,12144253.381,5247827.1,196.41
10.95463,12145471.612,5248309.1,196.42
10.97884,12146671.994,5248784.0,196.42
11.00306,12147744.261,5249208.2,196.42
11.02730,12148694.205,5249584.1,196.43
11.05156,12149536.798,5249917.4,196.43
11.07583,12150285.184,5250213.5,196.43
11.10011,12150950.897,5250476.9,196.43
11.12441,12151544.060,5250711.6,196.43
11.14873,12152073.558,5250921.0,196.43
11.17306,12152547.189,5251108.4,196.43
11.19740,12152971.795,5251276.4,196.43
11.22176,12153353.383,5251427.4,196.43
11.24614,12153697.223,5251563.4,196.43
11.27053,12154007.943,5251686.3,196.43
11.29493,12154289.602,5251797.8,196.43
11.31935,12154557.746,5251903.9,196.44
11.34379,12154988.078,5252074.1,196.46
11.36824,12155630.430,5252328.2,196.48
11.39271,12156459.027,5252656.1,196.50
11.41719,12157451.254,5253048.6,196.52
11.44168,12158587.265,5253498.1,196.54
11.46619,12159849.646,5253997.5,196.56
11.49072,12161223.117,5254540.9,196.59
11.51526,12162694.270,5255122.9,196.61
11.53982,12164251.339,5255738.9,196.63
11.56439,12165883.999,5256384.9,196.65
11.58898,12167583.190,5257057.1,196.67
11.61358,12169340.962,5257752.5,196.69
11.63820,12171150.337,5258468.4,196.71
11.66283,12173006.069,5259202.6,196.73
11.68748,12174929.298,5259963.5,196.76
11.71215,12176930.380,5260755.1,196.78
11.73683,12179000.021,5261574.0,196.81
11.76152,12181130.060,5262416.7,196.83
11.78623,12183313.341,5263280.4,196.86
11.81096,12185543.582,5264162.8,196.88
11.83570,12187815.270,5265061.5,196.91
11.86045,12190123.568,5265974.8,196.93
11.88522,12192464.231,5266900.8,196.96
11.91001,12194833.536,5267838.2,196.98
11.93481,12197228.213,5268785.6,197.01
11.95963,12199645.395,5269741.9,197.03
11.98446,12202082.564,5270706.1,197.06
12.00931,12204537.715,5271677.4,197.08
12.03418,12207016.604,5272658.1,197.11
12.05905,12209522.324,5273649.5,197.13
12.08395,12212051.841,5274650.2,197.16
12.10886,12214602.495,5275659.4,197.18
12.13379,12217171.951,5276675.9,197.21
12.15873,12219758.158,5277699.1,197.24
12.18368,12222359.319,5278728.2,197.26
12.20866,12224973.856,5279762.6,197.29
12.23364,12227600.385,5280801.7,197.32
12.25865,12230237.690,5281845.1,197.34
12.28367,12232884.706,5282892.3,197.37
12.30870,12235540.499,5283943.1,197.39
12.33375,12238204.247,5284996.9,197.42
12.35882,12240870.213,5286051.6,197.44
12.38390,12243445.484,5287070.5,197.46
12.40899,12245893.048,5288038.8,197.47
12.43411,12248228.662,5288962.9,197.49
12.45924,12250466.160,5289848.1,197.50
12.48438,12252617.682,5290699.3,197.52
12.50954,12254693.881,5291520.7,197.53
12.53472,12256704.109,5292316.0,197.55
12.55991,12258656.573,5293088.5,197.56
12.58511,12260558.475,5293840.9,197.58
12.61034,12262416.136,5294575.9,197.59
12.63557,12264235.104,5295295.5,197.61
12.66083,12266020.246,5296001.7,197.62
12.68610,12267775.838,5296696.3,197.64
12.71138,12269511.136,5297382.8,197.65
12.73669,12271285.209,5298084.7,197.67
12.76200,12273102.920,5298803.9,197.70
12.78734,12274959.118,5299538.2,197.72
12.81269,12276849.282,5300286.0,197.74
12.83805,12278769.446,5301045.7,197.76
12.86343,12280716.129,5301815.9,197.78
12.88883,12282686.277,5302595.3,197.80
12.91424,12284677.211,5303383.0,197.82
12.93967,12286686.579,5304178.0,197.84
12.96511,12288712.317,5304979.4,197.86
12.99057,12290752.616,5305786.6,197.88
13.01605,12292805.885,5306598.9,197.90
13.04154,12294870.730,5307415.9,197.92
13.06705,12296871.564,5308207.4,197.93
13.09257,12298680.937,5308923.3,197.93
13.11811,12300315.613,5309570.0,197.94
13.14367,12301796.995,5310156.1,197.94
13.16924,12303143.873,5310689.0,197.94
13.19483,12304372.737,5311175.1,197.95
13.22043,12305498.059,5311620.3,197.95
13.24605,12306532.543,5312029.6,197.95
13.27169,12307487.335,5312407.4,197.96
13.29734,12308372.220,5312757.5,197.96
13.32301,12309195.785,5313083.3,197.97
13.34869,12309965.566,5313387.8,197.97
13.37439,12310688.176,5313673.7,197.97
13.40011,12311384.391,5313949.2,197.98
13.42584,12312258.888,5314295.1,198.01
13.45159,12313361.589,5314731.4,198.04
13.47735,12314664.799,5315247.0,198.06
13.50314,12316144.214,5315832.3,198.09
13.52893,12317778.512,5316478.9,198.12
13.55475,12319548.983,5317179.3,198.14
13.58058,12321439.209,5317927.1,198.17
13.60642,12323434.784,5318716.7,198.19
13.63228,12325523.066,5319542.8,198.22
13.65816,12327692.963,5320401.3,198.25
13.68406,12329934.741,5321288.2,198.27
13.70997,12332239.859,5322200.2,198.30
13.73589,12334600.820,5323134.3,198.33
13.76184,12336927.498,5324054.8,198.34
13.78780,12339115.857,5324920.6,198.35
13.81377,12341179.961,5325737.2,198.36
13.83976,12343135.115,5326510.7,198.37
13.86577,12344994.752,5327246.4,198.39
13.89180,12346770.660,5327949.0,198.40
13.91784,12348473.187,5328622.6,198.41
13.94390,12350111.412,5329270.7,198.42
13.96997,12351693.305,5329896.6,198.43
13.99606,12353225.860,5330502.9,198.44
14.02217,12354715.216,5331092.1,198.45
14.04829,12356166.760,5331666.4,198.46
14.07443,12357585.221,5332227.6,198.48
14.10058,12359005.666,5332789.6,198.49
14.12676,12360541.874,5333397.3,198.52
14.15294,12362188.679,5334048.8,198.54
14.17915,12363932.765,5334738.9,198.57
14.20537,12365762.443,5335462.7,198.59
14.23161,12367667.460,5336216.4,198.61
14.25786,12369638.816,5336996.3,198.64
14.28414,12371668.615,5337799.4,198.66
14.31042,12373749.928,5338622.8,198.68
14.33673,12375876.675,5339464.2,198.71
14.36305,12378043.519,5340321.5,198.73
14.38939,12380245.775,5341192.8,198.75
14.41574,12382479.336,5342076.4,198.78
14.44211,12384744.866,5342972.8,198.80
14.46850,12387079.670,5343896.5,198.83
14.49490,12389480.202,5344846.2,198.86
14.52132,12391938.685,5345818.8,198.89
14.54776,12394448.299,5346811.7,198.91
14.57421,12397003.056,5347822.5,198.94
14.60069,12399597.703,5348849.0,198.97
14.62717,12402227.631,5349889.5,199.00
14.65368,12404888.794,5350942.3,199.02
14.68020,12407577.643,5352006.1,199.05
14.70673,12410291.065,5353079.6,199.08
14.73329,12413026.325,5354161.7,199.11
14.75986,12415781.027,5355251.6,199.13
14.78645,12418547.330,5356346.0,199.16
14.81305,12421266.423,5357421.8,199.18
14.83967,12423935.554,5358477.8,199.20
14.86631,12426561.052,5359516.5,199.23
14.89297,12429148.469,5360540.1,199.25
14.91964,12431702.681,5361550.7,199.27
14.94633,12434227.963,5362549.7,199.29
14.97303,12436728.072,5363538.9,199.32
14.99976,12439206.303,5364519.3,199.34
15.02650,12441665.547,5365492.3,199.36
15.05325,12444108.343,5366458.7,199.38
15.08003,12446536.918,5367419.5,199.40
15.10682,12448953.227,5368375.5,199.43
15.13362,12451344.226,5369321.4,199.44
15.16045,12453609.375,5370217.6,199.46
15.18729,12455754.834,5371066.4,199.47
15.21415,12457795.360,5371873.7,199.48
15.24102,12459743.906,5372644.6,199.49
15.26792,12461611.839,5373383.6,199.51
15.29482,12463409.135,5374094.7,199.52
15.32175,12465144.553,5374781.3,199.53
15.34869,12466825.776,5375446.4,199.54
15.37565,12468459.549,5376092.8,199.56
15.40263,12470051.792,5376722.7,199.57
15.42963,12471607.700,5377338.3,199.58
15.45664,12473131.832,5377941.3,199.59
15.48367,12474616.861,5378528.8,199.60
15.51071,12476040.605,5379092.1,199.61
15.53778,12477408.957,5379633.4,199.62
15.56486,12478728.776,5380155.6,199.63
15.59196,12480006.086,5380660.9,199.64
15.61907,12481246.170,5381151.5,199.65
15.64620,12482453.668,5381629.3,199.66
15.67335,12483632.649,5382095.7,199.67
15.70052,12484786.685,5382552.3,199.68
15.72770,12485918.912,5383000.2,199.69
15.75490,12487032.081,5383440.6,199.70
15.78212,12488128.607,5383874.4,199.71
15.80936,12489212.366,5384303.2,199.72
15.83661,12490428.507,5384784.4,199.75
15.86388,12491884.185,5385360.3,199.78
15.89117,12493550.366,5386019.5,199.81
15.91847,12495401.574,5386751.8,199.84
15.94579,12497415.458,5387548.6,199.87
15.97313,12499572.404,5388402.0,199.90
16.00049,12501855.200,5389305.1,199.93
16.02786,12504248.747,5390252.1,199.96
16.05526,12506739.793,5391237.6,199.99
16.08267,12509316.710,5392257.1,200.02
16.11009,12511969.294,5393306.5,200.05
16.13754,12514688.592,5394382.4,200.08
16.16500,12517465.899,5395481.2,200.11
16.19248,12520285.948,5396596.8,200.14
16.21997,12523142.567,5397727.0,200.17
16.24749,12526031.583,5398870.0,200.20
16.27502,12528949.332,5400024.3,200.23
16.30257,12531892.602,5401188.8,200.26
16.33013,12534858.571,5402362.2,200.29
16.35772,12537844.766,5403543.6,200.32
16.38532,12540849.015,5404732.2,200.35
16.41294,12543869.413,5405927.2,200.38
16.44058,12546904.288,5407127.9,200.41
16.46823,12549952.173,5408333.7,200.44
16.49590,12553011.783,5409544.2,200.47
16.52359,12556084.191,5410759.7,200.50
16.55130,12559170.403,5411980.7,200.53
16.57903,12562269.055,5413206.6,200.56
16.60677,12565378.936,5414437.0,200.59
16.63453,12568498.982,5415671.4,200.62
16.66231,12571628.263,5416909.4,200.65
16.69010,12574765.960,5418150.8,200.68
16.71792,12577911.357,5419395.2,200.72
16.74575,12581063.823,5420642.4,200.75
16.77360,12584222.806,5421892.2,200.78
16.80147,12587387.823,5423144.4,200.81
16.82935,12590558.450,5424398.7,200.84
16.85725,12593673.279,5425631.1,200.85
16.88517,12596490.088,5426745.5,200.86
16.91311,12599025.477,5427748.6,200.86
16.94107,12601313.918,5428653.9,200.87
16.96904,12603385.667,5429473.6,200.87
16.99704,12605267.280,5430218.0,200.88
17.02505,12606982.066,5430896.4,200.88
17.05308,12608550.484,5431516.9,200.89
17.08112,12609990.488,5432086.6,200.89
17.10919,12611317.839,5432611.8,200.90
17.13727,12612546.365,5433097.8,200.90
17.16537,12613688.206,5433549.6,200.91
17.19349,12614765.211,5433975.7,200.92
17.22162,12615916.162,5434431.0,200.94
17.24978,12617166.663,5434925.7,200.95
17.27795,12618504.703,5435455.1,200.97
17.30614,12619919.740,5436014.9,200.99
17.33435,12621402.523,5436601.6,201.01
17.36257,12622944.936,5437211.8,201.03
17.39082,12624539.855,5437842.8,201.05
17.41908,12626181.030,5438492.1,201.07
17.44736,12627862.975,5439157.5,201.09
17.47566,12629580.877,5439837.2,201.11
17.50398,12631330.514,5440529.4,201.12
17.53231,12633106.942,5441232.2,201.14
17.56067,12634884.919,5441935.6,201.16
17.58904,12636653.234,5442635.2,201.17
17.61743,12638413.220,5443331.5,201.19
17.64584,12640166.048,5444025.0,201.21
17.67426,12641912.747,5444716.0,201.22
17.70271,12643654.217,5445405.0,201.24
17.73117,12645391.249,5446092.2,201.26
17.75965,12647124.540,5446778.0,201.27
17.78815,12648854.698,5447462.5,201.29
17.81667,12650582.261,5448146.0,201.31
17.84520,12652307.699,5448828.6,201.32
17.87376,12654028.324,5449509.3,201.34
17.90233,12655672.610,5450159.8,201.34
17.93092,12657205.902,5450766.5,201.35
17.95953,12658641.847,5451334.6,201.36
17.98816,12659992.422,5451868.9,201.36
18.01681,12661268.138,5452373.6,201.37
18.04547,12662478.220,5452852.4,201.38
18.07415,12663630.763,5453308.3,201.39
18.10286,12664732.874,5453744.4,201.39
18.13158,12665790.786,5454162.9,201.40
18.16031,12666809.972,5454566.1,201.41
18.18907,12667795.234,5454955.9,201.41
18.21785,12668756.151,5455336.1,201.42
18.24664,12669796.879,5455747.8,201.44
18.27545,12670961.138,5456208.4,201.46
18.30428,12672233.987,5456712.0,201.48
18.33313,12673602.314,5457253.4,201.50
18.36200,12675054.614,5457827.9,201.52
18.39089,12676580.791,5458431.8,201.54
18.41979,12678171.987,5459061.3,201.56
18.44872,12679820.427,5459713.4,201.58
18.47766,12681519.290,5460385.6,201.60
18.50662,12683262.591,5461075.3,201.62
18.53560,12685045.076,5461780.5,201.64
18.56460,12686859.721,5462498.4,201.66
18.59362,12688672.790,5463215.7,201.67
18.62265,12690475.507,5463928.9,201.69
18.65171,12692269.293,5464638.6,201.71
18.68078,12694055.396,5465345.2,201.72
18.70987,12695834.910,5466049.3,201.74
18.73898,12697608.798,5466751.1,201.76
18.76811,12699377.904,5467451.0,201.77
18.79726,12701142.969,5468149.3,201.79
18.82643,12702904.642,5468846.3,201.81
18.85562,12704663.496,5469542.1,201.82
18.88482,12706420.031,5470237.0,201.84
18.91404,12708175.268,5470931.5,201.86
18.94329,12709932.776,5471626.8,201.87
18.97255,12711692.716,5472323.1,201.89
19.00183,12713454.950,5473020.3,201.91
19.03113,12715219.358,5473718.3,201.92
19.06045,12716985.834,5474417.2,201.94
19.08978,12718754.285,5475116.8,201.96
19.11914,12720524.630,5475817.2,201.98
19.14851,12722296.797,5476518.4,201.99
19.17791,12724070.723,5477220.2,202.01
19.20732,12725846.354,5477922.7,202.03
19.23675,12727623.642,5478625.8,202.04
19.26620,12729462.988,5479353.5,202.07
19.29567,12731438.381,5480135.0,202.10
19.32516,12733535.898,5480964.9,202.13
19.35467,12735740.871,5481837.2,202.16
19.38420,12738040.429,5482747.0,202.18
19.41374,12740423.279,5483689.7,202.21
19.44331,12742879.510,5484661.5,202.24
19.47289,12745400.427,5485658.9,202.27
19.50250,12747978.399,5486678.8,202.30
19.53212,12750606.732,5487718.6,202.33
19.56176,12753279.550,5488776.1,202.35
19.59142,12755992.303,5489849.3,202.38
19.62110,12758748.130,5490939.6,202.41
19.65080,12761544.556,5492046.0,202.44
19.68052,12764376.914,5493166.5,202.47
19.71026,12767241.106,5494299.7,202.50
19.74002,12770133.538,5495444.0,202.53
19.76979,12773051.056,5496598.3,202.56
19.79959,12775990.892,5497761.4,202.59
19.82941,12778950.618,5498932.3,202.62
19.85924,12781928.106,5500110.3,202.65
19.88909,12784921.485,5501294.6,202.68
19.91897,12787929.116,5502484.5,202.71
19.94886,12790956.248,5503682.1,202.74
19.97877,12794011.742,5504890.9,202.77
20.00870,12797092.919,5506109.9,202.80
20.03866,12800196.961,5507338.0,202.83
20.06863,12803321.392,5508574.1,202.86
20.09862,12806464.043,5509817.4,202.89
20.12863,12809623.007,5511067.2,202.92
20.15865,12812796.612,5512322.8,202.96
20.18870,12815983.391,5513583.6,202.99
20.21877,12819182.058,5514849.1,203.02
20.24886,12822391.486,5516118.8,203.05
20.27897,12825589.804,5517384.2,203.07
20.30909,12828568.265,5518562.5,203.08
20.33924,12831321.585,5519651.8,203.09
20.36941,12833877.413,5520663.0,203.10
20.39959,12836260.015,5521605.6,203.11
20.42980,12838490.689,5522488.1,203.13
20.46002,12840588.128,5523317.9,203.14
20.49027,12842568.739,5524101.5,203.15
20.52053,12844446.920,5524844.6,203.16
20.55081,12846235.309,5525552.1,203.17
20.58112,12847944.996,5526228.5,203.18
20.61144,12849584.740,5526877.3,203.19
20.64179,12851141.209,5527493.1,203.20
20.67215,12852611.507,5528074.8,203.21
20.70253,12854006.256,5528626.6,203.21
20.73294,12855334.776,5529152.2,203.22
20.76336,12856605.246,5529654.8,203.23
20.79380,12857824.847,5530137.3,203.24
20.82426,12858999.877,5530602.2,203.25
20.85474,12860135.867,5531051.6,203.25
20.88525,12861237.670,5531487.5,203.26
20.91577,12862309.543,5531911.6,203.27
20.94631,12863355.224,5532325.3,203.28
20.97687,12864498.912,5532777.8,203.31
21.00745,12865865.837,5533318.6,203.33
21.03806,12867431.157,5533937.8,203.36
21.06868,12869170.864,5534626.1,203.39
21.09932,12871063.889,5535375.1,203.42
21.12998,12873091.745,5536177.3,203.45
21.16066,12875238.213,5537026.6,203.48
21.19136,12877489.059,5537917.1,203.51
21.22209,12879831.794,5538843.9,203.53
21.25283,12882255.461,5539802.8,203.56
21.28359,12884750.441,5540789.9,203.59
21.31437,12887287.960,5541793.8,203.62
21.34517,12889828.919,5542799.1,203.64
21.37600,12892371.608,5543805.0,203.66
21.40684,12894916.059,5544811.7,203.69
21.43770,12897462.301,5545819.1,203.71
21.46858,12900010.358,5546827.2,203.74
21.49949,12902560.252,5547836.0,203.76
21.53041,12905112.003,5548845.5,203.79
21.56135,12907665.629,5549855.8,203.81
21.59232,12910221.145,5550866.8,203.83
21.62330,12912778.565,5551878.6,203.86
21.65431,12915297.414,5552875.2,203.88
21.68533,12917706.177,5553828.1,203.89
21.71638,12920014.544,5554741.4,203.91
21.74744,12922234.944,5555619.9,203.92
21.77853,12924378.290,5556467.8,203.94
21.80963,12926454.155,5557289.1,203.95
21.84076,12928470.946,5558087.0,203.97
21.87191,12930436.037,5558864.5,203.98
21.90307,12932355.901,5559624.0,204.00
21.93426,12934236.219,5560367.9,204.01
21.96547,12936081.977,5561098.2,204.03
21.99670,12937977.255,5561848.0,204.06
22.02795,12940041.253,5562664.6,204.09
22.05922,12942258.716,5563541.9,204.12
22.09051,12944611.177,5564472.6,204.15
22.12182,12947082.436,5565450.3,204.18
22.15315,12949658.276,5566469.4,204.21
22.18450,12952326.222,5567524.9,204.24
22.21587,12955075.328,5568612.5,204.28
22.24727,12957895.992,5569728.4,204.31
22.27868,12960779.784,5570869.4,204.34
22.31012,12963719.311,5572032.3,204.37
22.34157,12966711.984,5573216.3,204.40
22.37305,12969755.579,5574420.4,204.44
22.40454,12972844.225,5575642.4,204.47
22.43606,12975972.751,5576880.1,204.50
22.46760,12979136.617,5578131.9,204.53
22.49916,12982331.842,5579396.0,204.56
22.53074,12985554.931,5580671.1,204.60
22.56234,12988802.817,5581956.1,204.63
22.59396,12992072.812,5583249.8,204.66
22.62560,12995362.553,5584551.3,204.69
22.65726,12998661.579,5585856.5,204.72
22.68894,13001821.091,5587106.5,204.74
22.72065,13004784.635,5588279.0,204.75
22.75237,13007576.333,5589383.5,204.77
22.78412,13010217.357,5590428.3,204.78
22.81589,13012726.289,5591420.9,204.80
22.84768,13015119.437,5592367.7,204.81
22.87948,13017411.117,5593274.4,204.83
22.91131,13019613.889,5594145.9,204.84
22.94317,13021738.779,5594986.5,204.86
22.97504,13023795.463,5595800.2,204.87
23.00693,13025810.387,5596597.4,204.89
23.03885,13027937.529,5597439.0,204.92
23.07078,13030177.154,5598325.0,204.95
23.10274,13032515.788,5599250.3,204.98
23.13471,13034941.607,5600210.0,205.01
23.16671,13037444.234,5601200.1,205.04
23.19873,13040014.564,5602217.0,205.07
23.23077,13042644.611,5603257.5,205.09
23.26284,13045327.364,5604318.9,205.12
23.29492,13048056.674,5605398.7,205.15
23.32702,13050827.145,5606494.8,205.18
23.35915,13053572.280,5607580.8,205.20
23.39130,13056214.961,5608626.4,205.22
23.42346,13058765.682,5609635.5,205.24
23.45565,13061235.876,5610612.8,205.25
23.48787,13063635.573,5611562.2,205.27
23.52010,13065973.580,5612487.2,205.29
23.55235,13068257.625,5613390.8,205.31
23.58463,13070494.488,5614275.8,205.33
23.61692,13072690.122,5615144.4,205.34
23.64924,13074849.751,5615998.8,205.36
23.68158,13076992.362,5616846.5,205.39
23.71394,13079284.103,5617753.2,205.42
23.74632,13081747.265,5618727.7,205.46
23.77872,13084361.229,5619761.9,205.49
23.81115,13087107.903,5620848.5,205.53
23.84360,13089971.411,5621981.4,205.56
23.87606,13092937.826,5623155.0,205.60
23.90855,13095994.927,5624364.5,205.63
23.94106,13099131.989,5625605.6,205.67
23.97360,13102339.605,5626874.6,205.70
24.00615,13105609.517,5628168.3,205.74
24.03873,13108929.839,5629481.9,205.77
24.07132,13112289.085,5630811.0,205.80
24.10394,13115682.733,5632153.6,205.84
24.13658,13119106.945,5633508.3,205.87
24.16925,13122558.354,5634873.8,205.91
24.20193,13126034.004,5636248.9,205.94
24.23464,13129531.301,5637632.5,205.98
24.26736,13133047.970,5639023.8,206.01
24.30011,13136582.018,5640422.0,206.04
24.33289,13140131.695,5641826.3,206.08
24.36568,13143659.983,5643222.2,206.10
24.39849,13146953.765,5644525.3,206.12
24.43133,13150022.883,5645739.6,206.13
24.46419,13152894.964,5646875.8,206.14
24.49707,13155594.254,5647943.8,206.16
24.52997,13158142.034,5648951.7,206.17
24.56290,13160556.981,5649907.2,206.19
24.59584,13162855.486,5650816.5,206.20
24.62881,13165051.936,5651685.5,206.21
24.66180,13167158.957,5652519.1,206.23
24.69481,13169183.049,5653319.9,206.24
24.72785,13171067.077,5654065.3,206.24
24.76090,13172800.815,5654751.2,206.25
24.79398,13174402.714,5655385.0,206.26
24.82708,13175888.970,5655973.0,206.26
24.86021,13177273.793,5656520.8,206.27
24.89335,13178569.658,5657033.5,206.28
24.92652,13179787.511,5657515.3,206.28
24.95971,13180936.957,5657970.1,206.29
24.99292,13182026.430,5658401.1,206.29
25.02615,13183064.087,5658811.7,206.30
25.05941,13184109.255,5659225.2,206.31
25.09268,13185205.636,5659658.9,206.33
25.12598,13186347.088,5660110.5,206.34
25.15930,13187528.224,5660577.8,206.36
25.19265,13188744.316,5661058.9,206.37
25.22602,13189991.216,5661552.2,206.38
25.25940,13191265.283,5662056.3,206.40
25.29282,13192563.324,5662569.8,206.41
25.32625,13193882.536,5663091.8,206.43
25.35970,13195220.457,5663621.1,206.44
25.39318,13196597.897,5664166.0,206.46
25.42668,13198040.211,5664736.7,206.47
25.46021,13199540.472,5665330.2,206.49
25.49375,13201091.763,5665943.9,206.51
25.52732,13202688.013,5666575.5,206.53
25.56091,13204323.893,5667222.7,206.55
25.59452,13205994.731,5667883.7,206.56
25.62816,13207696.425,5668556.9,206.58
25.66181,13209425.375,5669241.0,206.60
25.69549,13211178.424,5669934.5,206.62
25.72920,13213008.305,5670658.5,206.65
25.76292,13214997.978,5671445.7,206.68
25.79667,13217132.252,5672290.0,206.71
25.83044,13219393.733,5673184.7,206.74
25.86423,13221767.158,5674123.7,206.77
25.89805,13224239.136,5675101.7,206.80
25.93188,13226797.916,5676114.1,206.83
25.96575,13229433.186,5677156.7,206.86
25.99963,13232135.899,5678225.9,206.89
26.03353,13234898.118,5679318.7,206.92
26.06746,13237666.952,5680414.2,206.94
26.10142,13240365.710,5681481.9,206.96
26.13539,13242999.821,5682524.0,206.98
26.16939,13245577.406,5683543.8,207.00
26.20341,13248105.592,5684544.0,207.02
26.23745,13250590.633,5685527.2,207.04
26.27151,13253038.017,5686495.4,207.06
26.30560,13255452.562,5687450.7,207.08
26.33971,13257838.495,5688394.6,207.10
26.37385,13260199.527,5689328.7,207.12
26.40801,13262533.440,5690252.1,207.14
26.44219,13264836.627,5691163.3,207.16
26.47639,13267112.849,5692063.9,207.18
26.51061,13269365.605,5692955.1,207.20
26.54486,13271597.965,5693838.3,207.22
26.57913,13273812.621,5694714.5,207.24
26.61343,13276011.937,5695584.6,207.26
26.64775,13278197.991,5696449.5,207.28
26.68209,13280372.606,5697309.8,207.30
26.71645,13282539.349,5698167.0,207.32
26.75084,13284830.021,5699073.3,207.36
26.78525,13287338.887,5700065.9,207.40
26.81968,13290039.648,5701134.4,207.43
26.85414,13292909.225,5702269.7,207.47
26.88862,13295927.373,5703463.7,207.51
26.92312,13299076.324,5704709.6,207.55
26.95765,13302340.490,5706001.0,207.59
26.99220,13305706.194,5707332.5,207.63
27.02677,13309161.435,5708699.5,207.66
27.06137,13312696.496,5710098.1,207.70
27.09599,13316313.973,5711529.3,207.74
27.13063,13320009.049,5712991.2,207.78
27.16530,13323772.680,5714480.2,207.82
27.19998,13327596.925,5715993.2,207.86
27.23470,13331474.820,5717527.4,207.90
27.26943,13335400.253,5719080.4,207.94
27.30419,13339367.859,5720650.1,207.98
27.33898,13343372.935,5722234.6,208.02
27.37378,13347411.351,5723832.3,208.06
27.40861,13351452.448,5725431.1,208.09
27.44347,13355329.013,5726964.8,208.12
27.47834,13359046.696,5728435.6,208.14
27.51325,13362625.196,5729851.4,208.17
27.54817,13366081.804,5731218.9,208.19
27.58312,13369431.695,5732544.2,208.22
27.61809,13372688.187,5733832.6,208.24
27.65308,13375862.967,5735088.6,208.26
27.68810,13378966.293,5736316.4,208.29
27.72315,13382007.164,5737519.5,208.31
27.75821,13384931.299,5738676.3,208.33
27.79330,13387673.552,5739761.3,208.34
27.82842,13390254.220,5740782.3,208.35
27.86356,13392693.214,5741747.2,208.37
27.89872,13395008.005,5742663.0,208.38
27.93390,13397213.928,5743535.7,208.39
27.96911,13399324.442,5744370.7,208.41
28.00434,13401351.357,5745172.6,208.42
28.03960,13403305.039,5745945.5,208.43
28.07488,13405194.311,5746693.0,208.45
28.11019,13407023.852,5747416.8,208.46
28.14552,13408800.117,5748119.6,208.47
28.18087,13410529.758,5748803.9,208.49
28.21624,13412218.611,5749472.0,208.50
28.25165,13413871.797,5750126.1,208.51
28.28707,13415493.812,5750767.8,208.53
28.32252,13417088.601,5751398.7,208.54
28.35799,13418659.625,5752020.3,208.55
28.39349,13420209.922,5752633.6,208.57
28.42901,13421802.988,5753263.9,208.59
28.46455,13423534.812,5753949.0,208.61
28.50012,13425393.130,5754684.3,208.64
28.53572,13427362.722,5755463.5,208.67
28.57133,13429430.231,5756281.5,208.69
28.60698,13431583.940,5757133.5,208.72
28.64264,13433813.566,5758015.6,208.74
28.67833,13436110.085,5758924.2,208.77
28.71405,13438465.579,5759856.1,208.80
28.74978,13440877.776,5760810.4,208.82
28.78555,13443391.762,5761805.1,208.86
28.82133,13446007.075,5762839.7,208.89
28.85715,13448711.649,5763909.8,208.92
28.89298,13451494.893,5765010.9,208.95
28.92884,13454347.516,5766139.5,208.98
28.96473,13457261.364,5767292.3,209.01
29.00064,13460229.281,5768466.5,209.04
29.03657,13463244.991,5769659.6,209.08
29.07253,13466303.091,5770869.5,209.11
29.10851,13469429.456,5772106.3,209.14
29.14452,13472644.668,5773378.4,209.18
29.18055,13475938.251,5774681.4,209.22
29.21660,13479301.013,5776011.8,209.25
29.25268,13482724.889,5777366.4,209.29
29.28879,13486202.802,5778742.4,209.32
29.32492,13489728.544,5780137.3,209.36
29.36107,13493296.666,5781548.9,209.40
29.39725,13496902.387,5782975.5,209.43
29.43346,13499959.665,5784185.0,209.35
29.46968,13500962.533,5784581.8,209.21
29.50594,13500055.294,5784222.8,209.07
29.54222,13497470.797,5783200.3,208.94
29.57852,13493413.625,5781595.2,208.80
29.61485,13488063.502,5779478.5,208.66
29.65120,13481578.290,5776912.8,208.53
29.68757,13474096.635,5773952.8,208.39
29.72398,13465740.292,5770646.8,208.25
29.76040,13456429.049,5766963.0,208.04
29.79685,13444404.962,5762205.9,207.72
29.83333,13429721.686,5756396.8,207.40
29.86983,13412706.614,5749665.1,207.09
29.90635,13393647.538,5742124.8,206.77
29.94290,13372797.392,5733875.8,206.45
29.97947,13350378.426,5725006.2,206.14
30.01607,13326585.908,5715593.2,205.82
30.05270,13301591.371,5705704.6,205.51
30.08934,13275608.752,5695425.1,205.22
30.12601,13249769.307,5685202.2,205.02
30.16271,13224508.678,5675208.4,204.82
30.19943,13199756.829,5665415.8,204.62
30.23618,13175452.331,5655800.2,204.42
30.27294,13151541.298,5646340.3,204.22
30.30974,13127976.459,5637017.3,204.02
30.34655,13104716.340,5627814.9,203.82
30.38340,13081724.565,5618718.7,203.62
30.42026,13058973.704,5609717.8,203.42
30.45715,13036942.038,5601001.4,203.29
30.49407,13015990.528,5592712.4,203.17
30.53101,12995986.549,5584798.2,203.04
30.56797,12976813.804,5577212.9,202.92
30.60496,12958370.296,5569916.1,202.79
30.64197,12940566.574,5562872.4,202.67
30.67900,12923324.172,5556050.8,202.54
30.71606,12906574.264,5549424.0,202.41
30.75314,12890256.478,5542968.2,202.29
30.79025,12874432.312,5536707.7,202.18
30.82738,12859230.589,5530693.5,202.08
30.86454,12844583.158,5524898.5,201.98
30.90172,12830421.904,5519295.9,201.88
30.93892,12816687.074,5513862.0,201.78
30.97615,12803326.251,5508576.0,201.67
31.01340,12790293.447,5503419.9,201.57
31.05068,12777548.317,5498377.5,201.47
31.08798,12765055.464,5493435.0,201.37
31.12530,12752771.231,5488575.0,201.26
31.16265,12740627.889,5483770.7,201.16
31.20002,12728604.955,5479014.1,201.05
31.23742,12716687.569,5474299.2,200.94
31.27484,12704862.691,5469620.9,200.84
31.31229,12693118.877,5464974.7,200.73
31.34975,12681446.089,5460356.6,200.62
31.38725,12669835.519,5455763.1,200.52
31.42476,12658279.438,5451191.2,200.41
31.46230,12646795.040,5446647.6,200.31
31.49987,12635588.369,5442213.9,200.23
31.53746,12624645.248,5437884.5,200.14
31.57507,12613933.186,5433646.5,200.05
31.61271,12603423.679,5429488.6,199.97
31.65037,12593091.716,5425401.0,199.88
31.68805,12582915.350,5421374.9,199.79
31.72576,12572875.326,5417402.8,199.71
31.76349,12562954.748,5413477.9,199.62
31.80125,12553123.583,5409588.4,199.53
31.83903,12543202.116,5405663.2,199.42
31.87683,12533163.042,5401691.4,199.32
31.91466,12523020.648,5397678.8,199.21
31.95251,12512787.472,5393630.2,199.11
31.99039,12502474.518,5389550.1,199.00
32.02829,12492091.447,5385442.3,198.90
32.06622,12481646.734,5381310.0,198.79
32.10416,12471147.821,5377156.3,198.69
32.14214,12460612.251,5372988.2,198.59
32.18013,12450190.786,5368865.1,198.50
32.21815,12439920.286,5364801.8,198.41
32.25620,12429782.082,5360790.8,198.33
32.29427,12419759.797,5356825.7,198.24
32.33236,12409839.058,5352900.8,198.15
32.37047,12400007.251,5349011.0,198.06
32.40861,12390253.311,5345152.1,197.97
32.44678,12380567.526,5341320.1,197.88
32.48497,12370933.402,5337508.5,197.79
32.52318,12361219.873,5333665.6,197.69
32.56141,12351381.855,5329773.3,197.58
32.59967,12341434.488,5325837.9,197.48
32.63796,12331391.061,5321864.4,197.38
32.67627,12321263.236,5317857.5,197.27
32.71460,12311061.248,5313821.3,197.17
32.75295,12300794.082,5309759.3,197.07
32.79133,12290469.626,5305674.7,196.96
32.82974,12280112.662,5301577.1,196.87
32.86816,12270034.027,5297589.7,196.80
32.90661,12260348.646,5293757.9,196.74
32.94509,12251008.102,5290062.5,196.67
32.98359,12241969.921,5286486.7,196.60
33.02211,12233196.837,5283015.8,196.54
33.06066,12224656.151,5279636.9,196.47
33.09923,12216319.174,5276338.5,196.40
33.13782,12208160.733,5273110.8,196.34
33.17644,12200163.578,5269946.9,196.27
33.21508,12192390.170,5266871.5,196.22
33.25375,12184852.621,5263889.4,196.16
33.29244,12177521.817,5260989.1,196.10
33.33116,12170372.212,5258160.5,196.05
33.36989,12163381.390,5255394.8,195.99
33.40866,12156529.681,5252684.0,195.93
33.44744,12149799.826,5250021.5,195.88
33.48625,12143176.679,5247401.2,195.82
33.52509,12136648.749,5244818.5,195.76
33.56394,12130231.353,5242279.6,195.71
33.60283,12123922.226,5239783.5,195.66
33.64173,12117707.891,5237325.0,195.60
33.68066,12111576.519,5234899.2,195.55
33.71962,12105517.734,5232502.2,195.50
33.75859,12099522.427,5230130.2,195.44
33.79760,12093582.608,5227780.3,195.39
33.83662,12087691.263,5225449.5,195.33
33.87567,12081830.149,5223130.7,195.27
33.91474,12075843.260,5220762.1,195.20
33.95384,12069698.066,5218330.8,195.13
33.99296,12063413.732,5215844.6,195.06
34.03211,12057007.076,5213309.9,194.99
34.07128,12050492.863,5210732.7,194.92
34.11047,12043884.052,5208118.0,194.85
34.14969,12037192.015,5205470.5,194.78
34.18893,12030426.732,5202793.9,194.71
34.22820,12023600.019,5200093.1,194.64
34.26749,12016750.805,5197383.3,194.57
34.30680,12009887.166,5194667.9,194.50
34.34614,12003010.663,5191947.3,194.44
34.38550,11996122.665,5189222.2,194.37
34.42489,11989224.371,5186493.0,194.30
34.46430,11982316.838,5183760.2,194.23
34.50373,11975400.987,5181024.1,194.17
34.54319,11968477.633,5178285.0,194.10
34.58267,11961587.943,5175559.2,194.04
34.62218,11954943.867,5172930.7,194.00
34.66171,11948533.639,5170394.6,193.95
34.70126,11942328.409,5167939.6,193.90
34.74084,11936302.862,5165555.7,193.86
34.78044,11930434.786,5163234.1,193.81
34.82007,11924704.693,5160967.1,193.77
34.85972,11919095.479,5158748.0,193.72
34.89939,11913592.136,5156570.7,193.67
34.93909,11908145.562,5154415.8,193.62
34.97881,11902667.390,5152248.5,193.56
35.01856,11897156.398,5150068.2,193.51
35.05833,11891616.393,5147876.4,193.45
35.09812,11886050.717,5145674.5,193.40
35.13794,11880462.299,5143463.5,193.34
35.17778,11874853.712,5141244.6,193.28
35.21765,11869227.214,5139018.6,193.23
35.25754,11863584.786,5136786.3,193.17
35.29746,11857877.210,5134528.2,193.11
35.33740,11852055.971,5132225.1,193.04
35.37736,11846133.993,5129882.2,192.98
35.41735,11840123.402,5127504.2,192.91
35.45736,11834034.842,5125095.4,192.85
35.49739,11827877.653,5122659.5,192.78
35.53745,11821660.035,5120199.6,192.72
35.57754,11815389.181,5117718.7,192.65
35.61764,11809064.458,5115216.4,192.59
35.65778,11802566.199,5112645.5,192.50
35.69793,11795851.065,5109988.8,192.42
35.73811,11788945.427,5107256.7,192.34
35.77832,11781872.435,5104458.4,192.26
35.81855,11774652.407,5101602.0,192.18
35.85880,11767303.177,5098694.4,192.10
35.89908,11759840.395,5095741.9,192.02
35.93938,11752277.798,5092749.9,191.94
35.97970,11744647.091,5089731.0,191.87
36.02005,11737146.591,5086763.5,191.80
36.06042,11729783.108,5083850.3,191.74
36.10082,11722539.668,5080984.6,191.68
36.14124,11715401.375,5078160.5,191.62
36.18169,11708355.160,5075372.8,191.55
36.22216,11701389.553,5072617.0,191.49
36.26265,11694494.491,5069889.1,191.43
36.30317,11687661.141,5067185.6,191.37
36.34371,11680969.351,5064538.2,191.32
36.38428,11674572.746,5062007.5,191.28
36.42487,11668444.082,5059582.8,191.24
36.46548,11662550.353,5057251.1,191.20
36.50612,11656862.595,5055000.8,191.16
36.54679,11651355.395,5052822.0,191.11
36.58747,11646006.454,5050705.8,191.07
36.62818,11640796.204,5048644.5,191.03
36.66892,11635708.409,5046631.6,190.99
36.70968,11630753.480,5044671.3,190.95
36.75046,11625931.920,5042763.7,190.91
36.79127,11621227.218,5040902.4,190.88
36.83210,11616624.885,5039081.6,190.84
36.87296,11612112.207,5037296.2,190.80
36.91384,11607678.026,5035541.9,190.76
36.95475,11603312.552,5033814.8,190.72
36.99567,11599007.192,5032111.5,190.69
37.03663,11594739.640,5030423.1,190.64
37.07761,11590365.505,5028692.6,190.59
37.11861,11585883.584,5026919.4,190.54
37.15963,11581306.871,5025108.7,190.49
37.20068,11576646.767,5023265.0,190.44
37.24176,11571913.279,5021392.3,190.38
37.28286,11567115.193,5019494.1,190.33
37.32398,11562260.217,5017573.3,190.28
37.36513,11557355.117,5015632.7,190.23
37.40630,11552405.191,5013674.3,190.18
37.44749,11547414.905,5011700.0,190.13
37.48871,11542388.983,5009711.6,190.07
37.52996,11537331.593,5007710.8,190.02
37.57123,11532246.392,5005698.9,189.97
37.61252,11527136.590,5003677.3,189.92
37.65384,11522005.004,5001647.1,189.87
37.69518,11516854.106,4999609.3,189.81
37.73655,11511671.898,4997559.0,189.75
37.77794,11506291.316,4995430.3,189.68
37.81935,11500687.765,4993213.4,189.61
37.86079,11494888.350,4990919.0,189.54
37.90225,11488916.863,4988556.5,189.47
37.94374,11482794.184,4986134.1,189.40
37.98525,11476538.641,4983659.3,189.33
38.02679,11470166.323,4981138.2,189.26
38.06835,11463691.348,4978576.5,189.19
38.10993,11457258.027,4976031.3,189.14
38.15154,11451091.183,4973591.5,189.10
38.19318,11445168.829,4971248.4,189.06
38.23484,11439460.839,4968990.2,189.02
38.27652,11433940.784,4966806.3,188.98
38.31822,11428585.469,4964687.6,188.93
38.35996,11423374.543,4962626.0,188.89
38.40171,11418290.148,4960614.4,188.85
38.44349,11413313.394,4958645.5,188.81
38.48529,11408390.077,4956697.7,188.76
38.52712,11403500.413,4954763.2,188.72
38.56898,11398640.100,4952840.3,188.67
38.61085,11393805.361,4950927.5,188.63
38.65275,11388992.880,4949023.6,188.58
38.69468,11384199.748,4947127.2,188.53
38.73663,11379423.412,4945237.6,188.49
38.77861,11374661.631,4943353.7,188.44
38.82060,11369884.696,4941463.8,188.39
38.86263,11365051.707,4939551.7,188.34
38.90468,11360167.667,4937619.4,188.29
38.94675,11355238.637,4935669.4,188.24
38.98885,11350269.936,4933703.6,188.18
39.03097,11345266.234,4931724.0,188.13
39.07311,11340231.629,4929732.1,188.08
39.11528,11335169.717,4927729.5,188.03
39.15748,11330075.000,4925713.9,187.97
39.19970,11324860.334,4923650.8,187.91
39.24194,11319523.226,4921539.3,187.85
39.28421,11314078.479,4919385.2,187.79
39.32650,11308539.084,4917193.6,187.73
39.36882,11302916.447,4914969.1,187.66
39.41116,11297220.574,4912715.7,187.60
39.45352,11291460.252,4910436.7,187.54
39.49591,11285643.179,4908135.3,187.48
39.53833,11279773.291,4905813.0,187.42
39.58077,11273854.294,4903471.3,187.36
39.62323,11267892.028,4901112.4,187.29
39.66572,11261891.612,4898738.5,187.23
39.70823,11255857.543,4896351.2,187.17
39.75077,11249793.766,4893952.2,187.11
39.79333,11243703.746,4891542.8,187.04
39.83592,11237590.520,4889124.3,186.98
39.87853,11231418.358,4886682.4,186.91
39.92116,11225058.164,4884166.1,186.83
39.96382,11218522.443,4881580.4,186.76
40.00650,11211832.538,4878933.6,186.68
40.04921,11205007.180,4876233.3,186.60
40.09195,11198062.811,4873485.9,186.52
40.13470,11191013.861,4870697.1,186.45
40.17748,11183872.998,4867872.0,186.37
40.22029,11176663.315,4865019.6,186.30
40.26312,11169553.485,4862206.8,186.24
40.30598,11162587.685,4859450.9,186.18
40.34886,11155748.112,4856745.0,186.12
40.39176,11149019.143,4854082.8,186.06
40.43469,11142387.069,4851458.9,186.00
40.47764,11135839.857,4848868.7,185.94
40.52062,11129366.951,4846307.8,185.88
40.56362,11122959.084,4843772.6,185.82
40.60665,11116655.503,4841278.8,185.77
40.64970,11110492.392,4838840.5,185.72
40.69278,11104452.773,4836451.0,185.67
40.73588,11098521.355,4834104.4,185.62
40.77900,11092684.717,4831795.2,185.57
40.82215,11086931.082,4829518.9,185.52
40.86532,11081250.118,4827271.3,185.46
40.90852,11075632.756,4825048.9,185.41
40.95174,11070112.440,4822864.9,185.37
40.99499,11064798.698,4820762.7,185.33
41.03826,11059674.621,4818735.4,185.30
41.08156,11054716.823,4816774.0,185.26
41.12488,11049904.787,4814870.2,185.22
41.16822,11045220.505,4813016.9,185.18
41.21159,11040648.175,4811208.0,185.15
41.25499,11036173.932,4809437.8,185.11
41.29841,11031788.277,4807702.8,185.07
41.34185,11027508.374,4806009.5,185.04
41.38532,11023326.462,4804355.0,185.00
41.42881,11019230.392,4802734.5,184.97
41.47233,11015209.499,4801143.7,184.93
41.51587,11011254.426,4799578.9,184.90
41.55943,11007356.961,4798037.0,184.86
41.60303,11003509.900,4796515.0,184.83
41.64664,10999698.439,4795007.1,184.79
41.69028,10995751.996,4793445.7,184.73
41.73395,10991596.584,4791801.7,184.68
41.77763,10987257.592,4790085.1,184.62
41.82135,10982757.307,4788304.6,184.56
41.86509,10978115.291,4786468.1,184.51
41.90885,10973348.715,4784582.3,184.45
41.95264,10968472.649,4782653.2,184.40
41.99645,10963500.321,4780686.0,184.34
42.04029,10958555.982,4778729.9,184.30
42.08415,10953752.562,4776829.5,184.26
42.12804,10949073.555,4774978.3,184.22
42.17195,10944503.573,4773170.3,184.19
42.21588,10940029.109,4771400.1,184.15
42.25984,10935638.312,4769663.0,184.11
42.30383,10931320.783,4767954.8,184.07
42.34784,10927067.393,4766272.0,184.03
42.39187,10922753.972,4764565.5,183.97
42.43593,10918173.452,4762753.3,183.91
42.48001,10913347.597,4760844.1,183.84
42.52412,10908306.264,4758849.6,183.78
42.56825,10903075.657,4756780.2,183.71
42.61241,10897678.781,4754645.0,183.65
42.65659,10892135.825,4752452.1,183.58
42.70080,10886464.515,4750208.3,183.51
42.74503,10880686.554,4747922.4,183.45
42.78929,10874835.709,4745607.6,183.39
42.83357,10868922.316,4743268.1,183.32
42.87788,10862953.879,4740906.8,183.26
42.92221,10856936.985,4738526.4,183.19
42.96656,10850877.417,4736129.0,183.13
43.01094,10844780.248,4733716.8,183.07
43.05535,10838649.932,4731291.5,183.00
43.09978,10832512.576,4728863.3,182.95
43.14423,10826530.199,4726496.5,182.90
43.18871,10820698.278,4724189.3,182.85
43.23321,10814998.231,4721934.1,182.80
43.27774,10809413.755,4719724.8,182.76
43.32229,10803930.541,4717555.4,182.71
43.36687,10798536.031,4715421.2,182.66
43.41147,10793219.208,4713317.7,182.61
43.45610,10787972.268,4711241.9,182.57
43.50075,10782805.731,4709197.8,182.52
43.54543,10777712.904,4707183.0,182.47
43.59013,10772684.606,4705193.6,182.43
43.63485,10767712.778,4703226.6,182.38
43.67960,10762790.350,4701279.1,182.34
43.72438,10757911.117,4699348.8,182.29
43.76918,10753069.634,4697433.3,182.24
43.81400,10748237.876,4695521.8,182.19
43.85885,10743144.182,4693506.5,182.11
43.90373,10737749.921,4691372.4,182.04
43.94863,10732091.735,4689133.9,181.96
43.99355,10726201.793,4686803.6,181.88
44.03850,10720108.331,4684392.9,181.81
44.08347,10713836.136,4681911.4,181.73
44.12847,10707406.965,4679367.8,181.66
44.17349,10700869.201,4676781.3,181.59
44.21854,10694610.295,4674305.1,181.56
44.26361,10688717.139,4671973.6,181.53
44.30871,10683144.789,4669769.0,181.49
44.35383,10677853.810,4667675.7,181.46
44.39898,10672809.601,4665680.1,181.43
44.44415,10667981.802,4663770.1,181.40
44.48935,10663343.773,4661935.1,181.36
44.53457,10658871.202,4660165.6,181.33
44.57981,10654531.102,4658448.6,181.29
44.62508,10650302.651,4656775.7,181.26
44.67038,10646172.040,4655141.5,181.23
44.71570,10642127.150,4653541.2,181.19
44.76104,10638157.344,4651970.6,181.16
44.80641,10634253.290,4650426.1,181.12
44.85181,10630406.795,4648904.3,181.09
44.89723,10626611.522,4647402.7,181.05
44.94267,10622872.343,4645923.4,181.02
44.98814,10619186.170,4644465.0,180.99
45.03363,10615546.374,4643025.0,180.95
45.07915,10611947.137,4641601.1,180.92
45.12470,10608383.353,4640191.1,180.89
45.17026,10604850.542,4638793.4,180.85
45.21586,10601344.772,4637406.5,180.82
45.26148,10597828.730,4636015.4,180.77
45.30712,10593886.876,4634455.9,180.69
45.35279,10589446.480,4632699.1,180.61
45.39848,10584568.381,4630769.2,180.53
45.44420,10579305.994,4628687.3,180.45
45.48994,10573706.214,4626471.8,180.37
45.53571,10567810.209,4624139.2,180.28
45.58150,10561654.125,4621703.7,180.20
45.62732,10555296.496,4619188.4,180.13
45.67316,10549056.171,4616719.5,180.09
45.71903,10542983.339,4614316.9,180.04
45.76492,10537057.346,4611972.4,179.99
45.81083,10531260.068,4609678.9,179.94
45.85678,10525575.601,4607429.9,179.89
45.90274,10519989.985,4605220.1,179.84
45.94873,10514490.975,4603044.5,179.79
45.99475,10509078.479,4600903.2,179.74
46.04079,10503845.090,4598832.7,179.71
46.08686,10498781.350,4596829.3,179.67
46.13295,10493866.346,4594884.8,179.63
46.17906,10489081.725,4592991.8,179.59
46.22520,10484411.382,4591144.1,179.55
46.27137,10479841.183,4589336.0,179.51
46.31756,10475358.727,4587562.6,179.47
46.36378,10470943.252,4585815.7,179.43
46.41002,10466537.383,4584072.6,179.39
46.45628,10462135.673,4582331.2,179.34
46.50257,10457737.465,4580591.1,179.30
46.54889,10453342.183,4578852.2,179.25
46.59523,10448949.321,4577114.3,179.21
46.64159,10444558.434,4575377.1,179.16
46.68798,10440169.131,4573640.6,179.12
46.73440,10435756.107,4571894.6,179.07
46.78084,10431258.027,4570115.1,179.02
46.82730,10426680.959,4568304.2,178.96
46.87379,10422034.424,4566465.9,178.91
46.92031,10417326.774,4564603.4,178.86
46.96685,10412565.343,4562719.7,178.81
47.01341,10407756.567,4560817.2,178.76
47.06000,10402906.094,4558898.2,178.70
47.10661,10398008.809,4556960.7,178.65
47.15325,10393055.698,4555001.1,178.60
47.19992,10388052.937,4553021.8,178.54
47.24661,10383006.458,4551025.3,178.49
47.29332,10377921.471,4549013.5,178.43
47.34006,10372802.547,4546988.3,178.38
47.38683,10367653.699,4544951.3,178.32
47.43362,10362479.232,4542904.1,178.27
47.48043,10357331.573,4540867.6,178.22
47.52727,10352248.288,4538856.5,178.17
47.57414,10347221.357,4536867.7,178.13
47.62103,10342243.740,4534898.4,178.08
47.66794,10337309.261,4532946.1,178.03
47.71488,10332412.498,4531008.8,177.99
47.76184,10327548.691,4529084.6,177.94
47.80883,10322705.175,4527168.3,177.89
47.85585,10317751.577,4525208.5,177.83
47.90289,10312647.675,4523189.3,177.76
47.94995,10307411.731,4521117.8,177.70
47.99704,10302059.774,4519000.4,177.64
48.04416,10296605.875,4516842.7,177.57
48.09130,10291062.384,4514649.5,177.51
48.13846,10285440.142,4512425.2,177.45
48.18565,10279766.482,4510180.5,177.39
48.23287,10274219.391,4507985.9,177.35
48.28010,10268803.440,4505843.2,177.30
48.32737,10263502.438,4503746.0,177.26
48.37466,10258302.178,4501688.6,177.21
48.42197,10253190.190,4499666.1,177.16
48.46931,10248155.532,4497674.3,177.12
48.51668,10243188.601,4495709.2,177.07
48.56407,10238307.161,4493777.9,177.03
48.61148,10233564.128,4491901.5,176.99
48.65892,10228946.437,4490074.6,176.96
48.70639,10224438.610,4488291.1,176.92
48.75388,10220027.066,4486545.8,176.88
48.80139,10215699.884,4484833.8,176.84
48.84893,10211446.604,4483151.1,176.80
48.89650,10207258.046,4481494.0,176.77
48.94409,10203163.395,4479874.0,176.73
48.99170,10199187.059,4478300.9,176.70
49.03935,10195314.469,4476768.8,176.67
49.08701,10191532.801,4475272.6,176.64
49.13470,10187830.799,4473808.0,176.61
49.18242,10184198.587,4472371.0,176.57
49.23016,10180627.496,4470958.2,176.54
49.27792,10177109.367,4469566.3,176.51
49.32572,10173630.133,4468189.8,176.48
49.37353,10170182.245,4466825.7,176.44
49.42137,10166761.738,4465472.4,176.41
49.46924,10163365.134,4464128.6,176.38
49.51713,10159989.380,4462793.1,176.35
49.56505,10156631.795,4461464.7,176.31
49.61299,10153290.030,4460142.6,176.28
49.66096,10149952.809,4458822.3,176.24
49.70895,10146581.150,4457488.4,176.21
49.75697,10143176.057,4456141.2,176.17
49.80501,10139741.488,4454782.4,176.13
49.85308,10136280.915,4453413.3,176.09
49.90117,10132797.385,4452035.1,176.06
49.94929,10129293.573,4450648.9,176.02
49.99743,10125771.829,4449255.6,175.98
50.04560,10122250.408,4447862.4,175.95
50.09379,10118747.003,4446476.4,175.91
50.14201,10115259.524,4445096.6,175.88
50.19026,10111785.893,4443722.4,175.84
50.23852,10108324.286,4442352.8,175.81
50.28682,10104873.103,4440987.5,175.78
50.33514,10101430.938,4439625.6,175.74
50.38348,10097996.654,4438266.9,175.71
50.43185,10094570.375,4436911.4,175.67
50.48025,10091151.374,4435558.7,175.64
50.52867,10087738.634,4434208.5,175.60
50.57712,10084331.259,4432860.5,175.57
50.62559,10080928.465,4431514.2,175.53
50.67408,10077529.563,4430169.5,175.50
50.72261,10074133.945,4428826.1,175.46
50.77115,10070740.568,4427483.6,175.43
50.81973,10067347.728,4426141.3,175.39
50.86832,10063955.150,4424799.1,175.36
50.91695,10060562.672,4423456.9,175.33
50.96559,10057170.154,4422114.7,175.29
51.01427,10053777.472,4420772.5,175.26
51.06297,10050384.519,4419430.1,175.22
51.11169,10046990.341,4418087.3,175.19
51.16044,10043572.976,4416735.3,175.15
51.20922,10040121.025,4415369.6,175.11
51.25802,10036638.587,4413991.8,175.07
51.30684,10033129.265,4412603.5,175.03
51.35569,10029596.214,4411205.7,175.00
51.40457,10026042.206,4409799.6,174.96
51.45347,10022469.673,4408386.2,174.92
51.50240,10018874.813,4406964.0,174.88
51.55135,10015228.771,4405521.5,174.84
51.60033,10011534.989,4404060.1,174.80
51.64933,10007799.177,4402582.1,174.75
51.69836,10004026.345,4401089.5,174.71
51.74741,10000220.889,4399583.9,174.67
51.79649,9996386.669,4398067.0,174.63
51.84560,9992527.522,4396540.2,174.59
51.89473,9988687.527,4395021.0,174.55
51.94388,9984899.960,4393522.5,174.52
51.99306,9981158.280,4392042.2,174.48
52.04227,9977456.746,4390577.7,174.45
52.09150,9973790.321,4389127.2,174.41
52.14076,9970154.582,4387688.8,174.38
52.19004,9966545.650,4386261.0,174.34
52.23935,9962969.602,4384846.2,174.31
52.28868,9959496.927,4383472.3,174.28
52.33804,9956121.703,4382137.0,174.26
52.38742,9952831.890,4380835.4,174.23
52.43683,9949616.925,4379563.5,174.20
52.48627,9946467.534,4378317.5,174.17
52.53573,9943375.583,4377094.2,174.15
52.58521,9940333.618,4375890.7,174.12
52.63472,9937300.106,4374690.6,174.09
52.68426,9934242.632,4373480.9,174.05
52.73382,9931164.004,4372263.0,174.02
52.78341,9928066.688,4371037.6,173.99
52.83303,9924952.847,4369805.6,173.95
52.88266,9921824.379,4368567.9,173.92
52.93233,9918682.949,4367325.1,173.89
52.98202,9915538.858,4366081.2,173.86
53.03173,9912443.279,4364856.5,173.83
53.08148,9909394.599,4363650.3,173.80
53.13124,9906386.965,4362460.4,173.77
53.18103,9903415.242,4361284.7,173.74
53.23085,9900474.922,4360121.4,173.72
53.28069,9897562.050,4358969.0,173.69
53.33056,9894672.803,4357825.9,173.66
53.38046,9891793.920,4356687.0,173.63
53.43038,9888917.041,4355548.8,173.60
53.48032,9886041.804,4354411.3,173.57
53.53029,9883167.893,4353274.3,173.54
53.58029,9880295.029,4352137.7,173.51
53.63031,9877422.969,4351001.4,173.48
53.68036,9874551.498,4349865.4,173.45
53.73043,9871683.312,4348730.6,173.42
53.78053,9868826.023,4347600.2,173.40
53.83066,9865978.746,4346473.7,173.37
53.88081,9863140.143,4345350.7,173.34
53.93098,9860309.039,4344230.6,173.31
53.98119,9857484.404,4343113.1,173.28
54.03141,9854665.330,4341997.8,173.25
54.08167,9851850.708,4340884.2,173.22
54.13194,9849035.599,4339770.5,173.19
54.18225,9846218.422,4338655.9,173.16
54.23258,9843399.313,4337540.6,173.14
54.28293,9840578.395,4336424.6,173.11
54.33332,9837755.775,4335307.9,173.08
54.38372,9834931.545,4334190.5,173.05
54.43416,9832105.788,4333072.6,173.02
54.48461,9829271.701,4331951.3,172.99
54.53510,9826421.604,4330823.7,172.96
54.58561,9823557.131,4329690.5,172.93
54.63614,9820679.922,4328552.2,172.90
54.68670,9817791.420,4327409.4,172.87
54.73729,9814892.890,4326262.6,172.83
54.78790,9811985.441,4325112.4,172.80
54.83854,9809043.604,4323948.5,172.76
54.88921,9805922.409,4322713.6,172.72
54.93990,9802630.756,4321411.4,172.67
54.99061,9799189.362,4320049.8,172.62
55.04135,9795616.411,4318636.3,172.58
55.09212,9791927.866,4317177.0,172.53
55.14292,9788137.741,4315677.5,172.48
55.19373,9784259.093,4314143.0,172.44
55.24458,9780314.886,4312582.5,172.39
55.29545,9776318.611,4311001.5,172.35
55.34635,9772276.515,4309402.3,172.30
55.39727,9768194.079,4307787.2,172.26
55.44822,9764076.116,4306158.0,172.21
55.49919,9759926.847,4304516.4,172.17
55.55019,9755749.982,4302863.9,172.12
55.60121,9751896.504,4301339.4,172.14
55.65227,9748755.363,4300096.6,172.16
55.70334,9746249.357,4299105.2,172.18
55.75445,9744300.791,4298334.3,172.20
55.80557,9742841.513,4297757.0,172.22
55.85673,9741811.737,4297349.5,172.24
55.90791,9741159.012,4297091.3,172.26
55.95912,9740943.216,4297005.9,172.30
56.01035,9741333.002,4297160.1,172.36
56.06161,9742369.352,4297570.2,172.42
56.11289,9743973.613,4298204.8,172.48
56.16420,9746076.791,4299036.9,172.54
56.21554,9748618.364,4300042.4,172.60
56.26690,9751545.232,4301200.4,172.66
56.31829,9754810.814,4302492.4,172.71
56.36970,9758374.238,4303902.2,172.77
56.42114,9762199.643,4305415.6,172.83
56.47261,9766255.565,4307020.3,172.89
56.52410,9770514.395,4308705.2,172.95
56.57562,9774951.905,4310460.8,173.01
56.62716,9779546.836,4312278.7,173.07
56.67874,9784280.534,4314151.5,173.13
56.73033,9789136.627,4316072.7,173.19
56.78196,9794100.751,4318036.6,173.25
56.83361,9799160.299,4320038.3,173.31
56.88528,9804304.212,4322073.4,173.37
56.93699,9809522.781,4324138.1,173.42
56.98872,9814807.488,4326228.8,173.48
57.04047,9820150.859,4328342.8,173.54
57.09225,9825546.333,4330477.4,173.60
57.14406,9830988.154,4332630.4,173.66
57.19590,9836471.271,4334799.7,173.72
57.24776,9841991.250,4336983.5,173.78
57.29965,9847544.204,4339180.5,173.84
57.35156,9853126.716,4341389.1,173.90
57.40350,9858735.794,4343608.2,173.96
57.45547,9864368.810,4345836.8,174.02
57.50747,9870023.458,4348073.9,174.08
57.55949,9875697.716,4350318.8,174.14
57.61154,9881389.811,4352570.8,174.20
57.66361,9887098.187,4354829.2,174.26
57.71571,9892821.478,4357093.5,174.32
57.76784,9898558.489,4359363.2,174.38
57.82000,9904308.168,4361638.0,174.44
57.87218,9910069.594,4363917.4,174.50
57.92439,9915841.961,4366201.1,174.56
57.97662,9921624.562,4368488.9,174.62
58.02889,9927416.776,4370780.4,174.68
58.08118,9933218.060,4373075.6,174.74
58.13349,9939027.937,4375374.2,174.80
58.18584,9944845.990,4377676.0,174.86
58.23821,9950671.857,4379980.8,174.92
58.29060,9956505.216,4382288.7,174.98
58.34303,9962345.790,4384599.4,175.04
58.39548,9968193.332,4386912.9,175.10
58.44796,9974047.629,4389229.0,175.17
58.50047,9979908.495,4391547.7,175.23
58.55300,9985775.765,4393869.0,175.29
58.60556,9991649.298,4396192.7,175.35
58.65815,9997528.970,4398518.9,175.41
58.71077,10003414.670,4400847.5,175.47
58.76341,10009306.307,4403178.4,175.53
58.81608,10015203.800,4405511.6,175.59
58.86878,10021107.078,4407847.1,175.65
58.92150,10027016.081,4410184.9,175.71
58.97426,10032930.754,4412524.9,175.77
59.02704,10038851.054,4414867.2,175.83
59.07984,10044776.939,4417211.6,175.90
59.13268,10050708.376,4419558.3,175.96
59.18554,10056645.337,4421907.1,176.02
59.23843,10062587.797,4424258.1,176.08
59.29135,10068535.737,4426611.3,176.14
59.34430,10074489.140,4428966.7,176.20
59.39727,10080447.990,4431324.1,176.26
59.45027,10086412.274,4433683.8,176.32
59.50330,10092381.983,4436045.6,176.39
59.55635,10098357.112,4438409.5,176.45
59.60944,10104337.654,4440775.6,176.51
59.66255,10110323.607,4443143.8,176.57
59.71569,10116314.968,4445514.2,176.63
59.76886,10122311.735,4447886.7,176.69
59.82206,10128313.908,4450261.3,176.76
59.87528,10134321.489,4452638.1,176.82
59.92853,10140334.479,4455017.0,176.88
59.98181,10146352.881,4457398.1,176.94
60.03512,10152376.697,4459781.3,177.00
60.08845,10158405.933,4462166.6,177.07
60.14182,10164440.594,4464554.1,177.13
60.19521,10170480.684,4466943.8,177.19
60.24863,10176526.208,4469335.6,177.25
60.30208,10182577.170,4471729.5,177.31
60.35556,10188633.576,4474125.6,177.38
60.40906,10194695.433,4476523.8,177.44
60.46260,10200762.745,4478924.3,177.50
60.51616,10206835.520,4481326.8,177.56
60.56975,10212913.761,4483731.6,177.62
60.62337,10218997.476,4486138.5,177.69
60.67701,10225086.669,4488547.5,177.75
60.73069,10231181.346,4490958.8,177.81
60.78439,10237281.514,4493372.2,177.87
60.83812,10243387.180,4495787.8,177.94
60.89188,10249498.353,4498205.5,178.00
60.94567,10255615.037,4500625.5,178.06
60.99949,10261737.240,4503047.6,178.13
61.05334,10267864.970,4505471.9,178.19
61.10721,10273998.234,4507898.4,178.25
61.16112,10280137.037,4510327.1,178.31
61.21505,10286281.387,4512758.0,178.38
61.26901,10292431.292,4515191.1,178.44
61.32300,10298586.760,4517626.4,178.50
61.37702,10304747.798,4520063.8,178.57
61.43107,10310914.413,4522503.5,178.63
61.48514,10317086.615,4524945.5,178.69
61.53925,10323264.411,4527389.6,178.75
61.59338,10329447.808,4529835.9,178.82
61.64755,10335636.815,4532284.5,178.88
61.70174,10341831.440,4534735.2,178.94
61.75596,10348031.689,4537188.2,179.01
61.81021,10354237.570,4539643.5,179.07
61.86449,10360449.090,4542100.9,179.13
61.91880,10366666.256,4544560.6,179.20
61.97314,10372889.078,4547022.6,179.26
62.02750,10379117.564,4549486.7,179.33
62.08190,10385351.723,4551953.2,179.39
62.13632,10391591.562,4554421.8,179.45
62.19078,10397837.090,4556892.7,179.52
62.24526,10404088.313,4559365.9,179.58
62.29978,10410345.239,4561841.3,179.64
62.35432,10416607.876,4564319.0,179.71
62.40889,10422876.231,4566799.0,179.77
62.46349,10429150.313,4569281.2,179.84
62.51812,10435430.129,4571765.7,179.90
62.57278,10441715.688,4574252.4,179.96
62.62747,10448006.995,4576741.5,180.03
62.68219,10454304.056,4579232.8,180.09
62.73694,10460606.882,4581726.4,180.16
62.79172,10466915.478,4584222.2,180.22
62.84653,10473229.854,4586720.4,180.28
62.90137,10479550.019,4589220.8,180.35
62.95623,10485875.979,4591723.6,180.41
63.01113,10492207.743,4594228.6,180.48
63.06606,10498545.318,4596735.9,180.54
63.12102,10504888.713,4599245.6,180.61
63.17600,10511237.938,4601757.5,180.67
63.23102,10517592.999,4604271.8,180.74
63.28607,10523953.906,4606788.3,180.80
63.34114,10530320.666,4609307.2,180.87
63.39625,10536693.290,4611828.4,180.93
63.45139,10543071.786,4614351.9,180.99
63.50655,10549456.162,4616877.8,181.06
63.56175,10555846.427,4619406.0,181.12
63.61698,10562242.588,4621936.5,181.19
63.67223,10568644.656,4624469.3,181.25
63.72752,10575052.637,4627004.5,181.32
63.78284,10581466.538,4629542.0,181.38
63.83819,10587886.369,4632081.9,181.45
63.89356,10594312.135,4634624.1,181.51
63.94897,10600743.844,4637168.7,181.58
64.00441,10607181.506,4639715.6,181.65
64.05988,10613625.129,4642264.9,181.71
64.11538,10620074.723,4644816.6,181.78
64.17091,10626530.296,4647370.6,181.84
64.22647,10632991.856,4649927.0,181.91
64.28206,10639459.410,4652485.7,181.97
64.33768,10645932.968,4655046.9,182.04
64.39333,10652412.538,4657610.4,182.10
64.44902,10658898.129,4660176.3,182.17
64.50473,10665389.747,4662744.6,182.24
64.56047,10671887.402,4665315.2,182.30
64.61625,10678391.102,4667888.3,182.37
64.67205,10684900.854,4670463.7,182.43
64.72789,10691416.667,4673041.6,182.50
64.78376,10697938.550,4675621.8,182.56
64.83966,10704466.512,4678204.5,182.63
64.89558,10711000.563,4680789.6,182.70
64.95154,10717540.710,4683377.0,182.76
65.00753,10724086.962,4685966.9,182.83
65.06356,10730639.327,4688559.2,182.90
65.11961,10737197.811,4691154.0,182.96
65.17569,10743762.426,4693751.1,183.03
65.23181,10750333.180,4696350.7,183.09
65.28795,10756910.083,4698952.7,183.16
65.34413,10763493.146,4701557.2,183.23
65.40034,10770082.377,4704164.1,183.29
65.45658,10776677.785,4706773.4,183.36
65.51285,10783279.379,4709385.2,183.43
65.56915,10789887.166,4711999.5,183.49
65.62548,10796501.156,4714616.1,183.56
65.68185,10803121.358,4717235.3,183.63
65.73825,10809747.783,4719856.9,183.69
65.79467,10816380.437,4722481.0,183.76
65.85113,10823019.329,4725107.5,183.83
65.90762,10829664.467,4727736.5,183.89
65.96414,10836315.859,4730368.0,183.96
66.02070,10842973.515,4733002.0,184.03
66.07728,10849637.442,4735638.4,184.10
66.13390,10856307.651,4738277.4,184.16
66.19055,10862984.149,4740918.8,184.23
66.24723,10869666.946,4743562.7,184.30
66.30394,10876356.051,4746209.1,184.36
66.36069,10883051.472,4748858.0,184.43
66.41746,10889753.219,4751509.4,184.50
66.47427,10896461.301,4754163.4,184.57
66.53111,10903175.726,4756819.8,184.63
66.58798,10909896.503,4759478.7,184.70
66.64488,10916623.642,4762140.2,184.77
66.70182,10923357.152,4764804.2,184.84
66.75879,10930097.045,4767470.7,184.90
66.81579,10936843.328,4770139.7,184.97
66.87282,10943596.012,4772811.3,185.04
66.92988,10950355.105,4775485.4,185.11
66.98698,10957120.618,4778162.0,185.18
67.04411,10963892.557,4780841.2,185.24
67.10127,10970670.933,4783522.9,185.31
67.15846,10977455.754,4786207.2,185.38
67.21568,10984247.028,4788894.0,185.45
67.27294,10991044.764,4791583.4,185.52
67.33023,10997848.975,4794275.4,185.58
67.38755,11004659.670,4796969.9,185.65
67.44491,11011476.859,4799667.0,185.72
67.50230,11018300.551,4802366.6,185.79
67.55972,11025130.756,4805068.8,185.86
67.61717,11031967.483,4807773.7,185.93
67.67465,11038810.739,4810481.0,186.00
67.73217,11045660.534,4813191.0,186.06
67.78972,11052516.879,4815903.6,186.13
67.84731,11059379.785,4818618.8,186.20
67.90492,11066249.259,4821336.5,186.27
67.96257,11073125.310,4824056.9,186.34
68.02025,11080007.947,4826779.9,186.41
68.07797,11086897.180,4829505.5,186.48
68.13571,11093793.019,4832233.7,186.55
68.19349,11100695.474,4834964.5,186.61
68.25131,11107604.552,4837697.9,186.68
68.30915,11114520.263,4840434.0,186.75
68.36703,11121442.615,4843172.7,186.82
68.42495,11128371.618,4845914.0,186.89
68.48289,11135307.282,4848658.0,186.96
68.54087,11142249.618,4851404.6,187.03
68.59888,11149198.635,4854153.8,187.10
68.65693,11156154.344,4856905.7,187.17
68.71501,11163116.756,4859660.2,187.24
68.77312,11170085.882,4862417.4,187.31
68.83127,11177061.731,4865177.3,187.38
68.88944,11184044.315,4867939.8,187.45
68.94766,11191033.644,4870705.0,187.52
69.00590,11198029.728,4873472.8,187.59
69.06418,11205032.576,4876243.4,187.66
69.12249,11212042.198,4879016.6,187.73
69.18084,11219058.603,4881792.5,187.80
69.23922,11226081.800,4884571.1,187.87
69.29764,11233111.800,4887352.3,187.94
69.35608,11240148.613,4890136.3,188.01
69.41456,11247192.246,4892923.0,188.08
69.47308,11254242.711,4895712.4,188.15
69.53163,11261300.018,4898504.4,188.22
69.59021,11268364.177,4901299.2,188.29
69.64883,11275435.199,4904096.7,188.36
69.70748,11282513.093,4906897.0,188.43
69.76616,11289597.867,4909699.9,188.50
69.82488,11296689.533,4912505.6,188.57
69.88364,11303788.100,4915314.0,188.64
69.94242,11310893.577,4918125.1,188.71
70.00124,11318005.977,4920939.0,188.78
70.06010,11325125.311,4923755.6,188.85
70.11899,11332251.589,4926575.0,188.92
70.17791,11339384.819,4929397.1,188.99
70.23687,11346525.014,4932222.0,189.06
70.29586,11353672.184,4935049.6,189.14
70.35489,11360826.336,4937880.0,189.21
70.41395,11367987.482,4940713.2,189.28
70.47305,11375155.629,4943549.1,189.35
70.53218,11382330.787,4946387.8,189.42
70.59134,11389512.968,4949229.3,189.49
70.65054,11396702.181,4952073.6,189.56
70.70978,11403898.439,4954920.6,189.63
70.76905,11411101.753,4957770.5,189.71
70.82835,11418312.134,4960623.1,189.78
70.88769,11425529.594,4963478.6,189.85
70.94706,11432754.142,4966336.8,189.92
71.00647,11439985.790,4969197.9,189.99
71.06591,11447224.549,4972061.7,190.06
71.12539,11454470.430,4974928.4,190.13
71.18490,11461723.445,4977797.9,190.21
71.24445,11468983.604,4980670.3,190.28
71.30403,11476250.918,4983545.4,190.35
71.36365,11483525.398,4986423.4,190.42
71.42330,11490807.054,4989304.3,190.49
71.48299,11498095.896,4992188.0,190.57
71.54272,11505391.934,4995074.5,190.64
71.60247,11512695.178,4997963.9,190.71
71.66227,11520005.638,5000856.1,190.78
71.72210,11527323.325,5003751.2,190.86
71.78196,11534648.250,5006649.2,190.93
71.84186,11541980.424,5009550.0,191.00
71.90180,11549319.855,5012453.7,191.07
71.96177,11556666.554,5015360.3,191.15
72.02177,11564020.533,5018269.7,191.22
72.08182,11571381.802,5021182.1,191.29
72.14189,11578750.376,5024097.3,191.36
72.20201,11586126.264,5027015.4,191.44
72.26216,11593509.477,5029936.4,191.51
72.32234,11600900.027,5032860.3,191.58
72.38256,11608297.926,5035787.2,191.66
72.44282,11615703.183,5038716.9,191.73
72.50311,11623115.809,5041649.6,191.80
72.56344,11630535.815,5044585.1,191.87
72.62380,11637963.212,5047523.6,191.95
72.68420,11645398.010,5050465.1,192.02
72.74464,11652840.220,5053409.4,192.09
72.80511,11660289.854,5056356.7,192.17
72.86562,11667746.925,5059307.0,192.24
72.92616,11675211.443,5062260.2,192.31
72.98674,11682683.422,5065216.3,192.39
73.04736,11690162.870,5068175.4,192.46
73.10801,11697649.800,5071137.4,192.54
73.16870,11705144.223,5074102.5,192.61
73.22943,11712646.148,5077070.4,192.68
73.29019,11720155.589,5080041.4,192.76
73.35099,11727672.560,5083015.3,192.83
73.41183,11735197.073,5085992.3,192.90
73.47270,11742729.138,5088972.2,192.98
73.53361,11750268.767,5091955.1,193.05
73.59455,11757815.972,5094941.0,193.13
73.65553,11765370.762,5097929.9,193.20
73.71655,11772933.150,5100921.8,193.28
73.77761,11780503.146,5103916.7,193.35
73.83870,11788080.759,5106914.6,193.42
73.89983,11795666.005,5109915.6,193.50
73.96100,11803258.892,5112919.5,193.57
74.02220,11810859.430,5115926.5,193.65
74.08344,11818467.631,5118936.6,193.72
74.14472,11826083.509,5121949.6,193.80
74.20603,11833707.076,5124965.8,193.87
74.26738,11841338.343,5127984.9,193.95
74.32877,11848977.323,5131007.1,194.02
74.39019,11856624.025,5134032.4,194.10
74.45166,11864278.463,5137060.7,194.17
74.51316,11871940.649,5140092.1,194.25
74.57469,11879610.594,5143126.6,194.32
74.63627,11887288.311,5146164.1,194.40
74.69788,11894973.812,5149204.7,194.47
74.75953,11902667.110,5152248.4,194.55
74.82122,11910368.215,5155295.2,194.62
74.88294,11918077.141,5158345.1,194.70
74.94471,11925793.899,5161398.1,194.77
75.00651,11933518.504,5164454.1,194.85
75.06835,11941250.967,5167513.3,194.92
75.13022,11948991.300,5170575.6,195.00
75.19213,11956739.516,5173641.1,195.08
75.25409,11964495.624,5176709.6,195.15
75.31607,11972259.635,5179781.3,195.23
75.37810,11980031.564,5182856.1,195.30
75.44017,11987811.422,5185934.0,195.38
75.50227,11995599.220,5189015.1,195.46
75.56441,12003394.971,5192099.4,195.53
75.62659,12011198.687,5195186.7,195.61
75.68881,12019010.380,5198277.3,195.68
75.75106,12026830.064,5201371.0,195.76
75.81336,12034657.750,5204467.8,195.84
75.87569,12042493.450,5207567.9,195.91
75.93806,12050337.177,5210671.1,195.99
76.00047,12058188.943,5213777.5,196.07
76.06292,12066048.760,5216887.1,196.14
76.12540,12073916.644,5219999.8,196.22
76.18793,12081792.606,5223115.8,196.30
76.25049,12089676.660,5226235.0,196.37
76.31309,12097568.817,5229357.3,196.45
76.37573,12105469.092,5232482.9,196.53
76.43841,12113377.496,5235611.7,196.60
76.50113,12121294.042,5238743.7,196.68
76.56389,12129218.740,5241879.0,196.76
76.62668,12137151.602,5245017.5,196.84
76.68952,12145092.642,5248159.2,196.91
76.75239,12153041.872,5251304.1,196.99
76.81531,12160999.306,5254452.3,197.07
76.87826,12168964.958,5257603.8,197.14
76.94125,12176938.840,5260758.5,197.22
77.00428,12184920.965,5263916.5,197.30
77.06735,12192911.346,5267077.7,197.38
77.13046,12200909.996,5270242.2,197.46
77.19360,12208916.929,5273410.0,197.53
77.25679,12216932.159,5276581.0,197.61
77.32002,12224955.699,5279755.4,197.69
77.38328,12232987.561,5282933.0,197.77
77.44659,12241027.757,5286114.0,197.84
77.50993,12249076.303,5289298.2,197.92
77.57332,12257133.211,5292485.8,198.00
77.63674,12265198.492,5295676.6,198.08
77.70021,12273272.160,5298870.8,198.16
77.76371,12281354.225,5302068.3,198.24
77.82725,12289444.701,5305269.2,198.31
77.89084,12297543.603,5308473.3,198.39
77.95446,12305650.943,5311680.8,198.47
78.01812,12313766.735,5314891.7,198.55
78.08183,12321890.990,5318105.9,198.63
78.14557,12330023.722,5321323.4,198.71
78.20935,12338164.946,5324544.3,198.79
78.27318,12346314.676,5327768.6,198.86
78.33704,12354472.925,5330996.3,198.94
78.40094,12362639.709,5334227.3,199.02
78.46489,12370815.040,5337461.7,199.10
78.52887,12378998.934,5340699.5,199.18
78.59290,12387191.403,5343940.7,199.26
78.65696,12395392.460,5347185.3,199.34
78.72107,12403602.117,5350433.2,199.42
78.78521,12411820.389,5353684.6,199.50
78.84940,12420047.287,5356939.4,199.58
78.91363,12428282.827,5360197.7,199.66
78.97790,12436527.022,5363459.3,199.74
79.04221,12444779.888,5366724.4,199.82
79.10656,12453041.437,5369992.9,199.90
79.17095,12461311.685,5373264.9,199.98
79.23538,12469590.642,5376540.3,200.06
79.29985,12477878.326,5379819.1,200.14
79.36436,12486174.746,5383101.4,200.22
79.42892,12494479.920,5386387.2,200.30
79.49351,12502793.860,5389676.5,200.38
79.55815,12511116.583,5392969.2,200.46
79.62283,12519448.102,5396265.4,200.54
79.68755,12527788.433,5399565.1,200.62
79.75231,12536137.588,5402868.2,200.70
79.81711,12544495.580,5406174.9,200.78
79.88195,12552862.425,5409485.1,200.86
79.94684,12561238.136,5412798.8,200.94
80.01176,12569622.728,5416115.9,201.02
80.07673,12578016.217,5419436.7,201.10
80.14174,12586418.615,5422760.9,201.18
80.20679,12594829.936,5426088.7,201.26
80.27188,12603250.194,5429420.0,201.34
80.33702,12611679.404,5432754.8,201.42
80.40220,12620117.582,5436093.2,201.51
80.46741,12628564.740,5439435.2,201.59
80.53267,12637020.892,5442780.7,201.67
80.59798,12645486.049,5446129.7,201.75
80.66332,12653960.229,5449482.4,201.83
80.72871,12662443.446,5452838.6,201.91
80.79413,12670934.365,5456197.9,201.99
80.85960,12679428.337,5459558.3,202.07
80.92512,12687925.735,5462920.1,202.16
80.99067,12696427.258,5466283.6,202.24
81.05627,12704933.520,5469648.9,202.32
81.12191,12713445.060,5473016.4,202.40
81.18759,12721962.356,5476386.1,202.48
81.25332,12698938.576,5467277.2,202.56
81.31908,12620505.964,5436246.9,188.83
81.38489,12466697.037,5375395.5,188.91
81.45074,12333187.473,5322575.1,188.98
81.51662,12217367.500,5276753.3,189.06
81.58255,12116975.428,5237035.2,189.14
81.64851,12030048.561,5202644.3,189.21
81.71452,11954881.599,5172906.0,189.29
81.78056,11889991.237,5147233.5,189.36
81.84664,11834085.968,5125115.7,189.44
81.91276,11786040.293,5106107.4,189.52
81.97892,11744872.586,5089820.2,189.59
82.04512,11709726.086,5075915.2,189.67
82.11136,11679852.544,5064096.3,189.74
82.17764,11654598.098,5054104.9,189.82
82.24396,11633391.082,5045714.8,189.89
82.31031,11615731.469,5038728.1,189.97
82.37671,11601181.715,5032971.8,190.04
82.44314,11589358.828,5028294.3,190.12
82.50961,11579927.449,5024563.0,190.19
82.57613,11572593.858,5021661.6,190.27
82.64268,11567100.738,5019488.3,190.35
82.70927,11563222.614,5017954.0,190.42
82.77590,11560761.154,5016980.2,190.50
82.84257,11559538.128,5016496.3,190.57
82.90928,11559401.919,5016442.5,190.65
82.97603,11560220.050,5016766.1,190.72
83.04282,11561876.352,5017421.4,190.80
83.10964,11564268.948,5018368.0,190.87
83.17651,11567308.487,5019570.5,190.95
83.24342,11570916.596,5020998.0,191.02
83.31036,11486880.418,4987750.8,177.29
83.37735,11330650.655,4925941.6,177.36
83.44437,11194968.830,4872261.8,177.43
83.51143,11077181.544,4825661.7,177.50
83.57852,10974991.787,4785232.4,177.57
83.64565,10886408.210,4750186.1,177.64
83.71282,10809702.171,4719838.9,177.71
83.78002,10743371.268,4693596.4,177.78
83.84726,10686108.308,4670941.4,177.85
83.91453,10636774.853,4651423.7,177.92
83.98185,10594378.563,4634650.4,177.99
84.04919,10558053.763,4620279.2,178.06
84.11658,10527044.756,4608011.2,178.13
84.18400,10500691.418,4597585.0,178.20
84.25145,10478416.817,4588772.5,178.26
84.31895,10459716.466,4581374.1,178.33
84.38647,10444149.041,4575215.1,178.40
84.45404,10431328.314,4570142.9,178.47
84.52164,10420916.167,4566023.5,178.54
84.58928,10412616.506,4562739.9,178.61
84.65695,10406169.972,4560189.5,178.68
84.72466,10401349.325,4558282.3,178.75
84.79240,10397955.431,4556939.6,178.82
84.86019,10395810.792,4556091.1,178.89
84.92800,10394759.759,4555675.3,178.96
84.99586,10394668.848,4555639.3,179.03
85.06375,10395421.028,4555936.9,179.09
85.13168,10396913.669,4556527.4,179.16
85.19964,10399056.759,4557375.3,179.23
85.26764,10401771.347,4558449.3,179.30
85.33568,10404988.181,4559721.9,179.37
85.40375,10323394.773,4527441.1,165.63
85.47186,10171988.457,4467540.3,165.69
85.54000,10040450.321,4415499.9,165.76
85.60818,9926207.213,4370301.9,165.82
85.67639,9827033.237,4331065.7,165.89
85.74463,9740999.955,4297028.4,165.95
85.81290,9666434.341,4267528.0,166.01
85.88121,9601883.108,4241989.6,166.08
85.94955,9546082.418,4219913.2,166.14
86.01793,9497932.062,4200863.5,166.20
86.08634,9456473.383,4184461.2,166.27
86.15478,9420870.385,4170375.6,166.33
86.22325,9390393.476,4158318.0,166.39
86.29176,9364405.523,4148036.4,166.46
86.36030,9342349.804,4139310.5,166.52
86.42887,9323739.599,4131947.7,166.58
86.49748,9308149.192,4125779.7,166.64
86.56612,9295206.077,4120659.0,166.71
86.63479,9284584.181,4116456.7,166.77
86.70350,9275997.990,4113059.7,166.83
86.77224,9269197.431,4110369.2,166.90
86.84101,9263963.418,4108298.5,166.96
86.90982,9260103.970,4106771.6,167.02
86.97866,9257448.626,4105721.0,167.09
87.04753,9255846.833,4105087.3,167.15
87.11643,9255169.785,4104819.5,167.21
87.18537,9255304.665,4104872.8,167.27
87.25435,9256152.539,4105208.3,167.34
87.32335,9257626.637,4105791.5,167.40
87.39239,9259650.848,4106592.3,167.46
87.46146,9262158.411,4107584.4,167.52
87.53057,9236538.498,4097448.4,153.78
87.59971,9083205.434,4036785.2,153.84
87.66887,8949950.389,3984065.6,153.90
87.73807,8834158.023,3938254.7,153.95
87.80730,8733569.107,3898458.7,154.01
87.87656,8646228.840,3863904.3,154.07
87.94585,8570443.301,3833921.2,154.13
88.01517,8504742.595,3807928.1,154.18
88.08453,8447849.679,3785419.5,154.24
88.15391,8398653.797,3765956.2,154.30
88.22332,8356187.846,3749155.4,154.35
88.29276,8319609.027,3734683.7,154.41
88.36223,8288182.271,3722250.4,154.47
88.43173,8261265.996,3711601.5,154.53
88.50126,8238299.860,3702515.4,154.58
88.57082,8218794.180,3694798.4,154.64
88.64041,8202320.807,3688281.0,154.70
88.71003,8188505.218,3682815.1,154.75
88.77968,8177019.669,3678271.1,154.81
88.84936,8167577.249,3674535.4,154.87
88.91908,8159926.714,3671508.6,154.92
88.98882,8153847.990,3669103.7,154.98
89.05859,8149148.257,3667244.3,155.04
89.12839,8145658.538,3665863.7,155.09
89.19822,8143228.039,3664902.1,155.15
89.26808,8141724.642,3664307.3,155.21
89.33797,8141035.102,3664034.5,155.26
89.40789,8141060.119,3664044.4,155.32
89.47784,8141712.606,3664302.6,155.37
89.54783,8142916.180,3664778.8,155.43
89.61784,8144603.837,3665446.4,155.49
89.68788,8146716.799,3666282.4,155.54
89.75795,8121759.305,3656408.5,155.60
89.82805,8048944.348,3627600.7,141.85
89.89818,7911067.964,3573052.7,141.90
89.96834,7791218.951,3525636.8,141.95
90.03853,7687047.869,3484423.6,142.00
90.10874,7596525.473,3448610.3,142.05
90.17898,7517896.204,3417502.2,142.10
90.24924,7449638.932,3390497.6,142.15
90.31954,7390433.876,3367074.3,142.21
90.38986,7339134.495,3346778.7,142.26
90.46021,7294743.624,3329216.4,142.31
90.53058,7256393.100,3314043.8,142.36
90.60098,7223326.406,3300961.6,142.41
90.67141,7194883.743,3289708.8,142.46
90.74186,7170489.251,3280057.6,142.51
90.81235,7149639.997,3271809.1,142.56
90.88286,7131896.479,3264789.2,142.61
90.95339,7116874.427,3258846.0,142.66
91.02395,7104237.704,3253846.6,142.71
91.09454,7093692.156,3249674.4,142.76
91.16516,7084980.278,3246227.7,142.81
91.23580,7077876.570,3243417.3,142.86
91.30647,7072183.508,3241165.0,142.91
91.37717,7067728.023,3239402.2,142.96
91.44789,7064358.234,3238069.0,143.01
91.51864,7061937.942,3237111.5,143.06
91.58942,7060349.600,3236483.1,143.11
91.66022,7059491.561,3236143.6,143.16
91.73105,7059274.687,3236057.8,143.21
91.80191,7059620.799,3236194.8,143.26
91.87280,7060461.325,3236527.3,143.31
91.94371,7061736.112,3237031.7,143.36
92.01465,7063392.391,3237686.9,143.41
92.08562,7065383.865,3238474.8,143.46
92.15661,6991971.175,3209430.6,129.71
92.22763,6856661.554,3155898.0,129.75
92.29867,6739025.090,3109357.5,129.80
92.36974,6636744.868,3068892.4,129.84
92.44083,6547822.578,3033712.1,129.89
92.51194,6470531.669,3003133.5,129.93
92.58308,6403377.955,2976565.5,129.98
92.65425,6345066.428,2953495.7,130.02
92.72543,6294473.187,2933479.6,130.07
92.79664,6250621.614,2916130.6,130.11
92.86788,6212662.136,2901112.7,130.16
92.93914,6179854.946,2888133.2,130.20
93.01042,6151555.238,2876936.9,130.24
93.08172,6127200.556,2867301.5,130.29
93.15305,6106299.918,2859032.6,130.33
93.22441,6088424.455,2851960.5,130.38
93.29578,6073199.340,2845937.0,130.42
93.36719,6060296.805,2840832.4,130.47
93.43861,6049430.108,2836533.2,130.51
93.51006,6040348.293,2832940.2,130.55
93.58153,6032831.646,2829966.3,130.60
93.65302,6026687.746,2827535.6,130.64
93.72454,6021748.026,2825581.3,130.69
93.79609,6017864.782,2824045.0,130.73
93.86765,6014908.257,2822875.3,130.78
93.93924,6012761.599,2822026.0,130.82
94.01086,6011324.957,2821457.7,130.86
94.08249,6010511.581,2821135.9,130.91
94.15416,6010245.390,2821030.6,130.95
94.22584,6010459.653,2821115.3,131.00
94.29755,6011095.837,2821367.0,131.04
94.36928,6012102.593,2821765.3,131.08
94.44104,6013434.870,2822292.4,131.13
94.51282,6015053.141,2822932.6,131.17
94.58462,5991860.841,2813757.1,117.41
94.65645,5856602.081,2760244.7,117.45
94.72830,5739015.453,2713723.9,117.49
94.80017,5636764.626,2673270.4,117.53
94.87206,5547838.551,2638088.6,117.56
94.94397,5470502.870,2607492.3,117.60
95.01590,5403259.184,2580888.7,117.64
95.08786,5344810.861,2557764.8,117.68
95.15983,5294034.172,2537676.0,117.72
95.23183,5249953.905,2520236.6,117.76
95.30384,5211722.688,2505111.1,117.80
95.37588,5178603.402,2492008.2,117.84
95.44794,5149954.190,2480673.7,117.87
95.52001,5125215.629,2470886.4,117.91
95.59211,5103899.745,2462453.2,117.95
95.66423,5085580.577,2455205.6,117.99
95.73637,5069886.053,2448996.3,118.03
95.80853,5056490.984,2443696.9,118.07
95.88071,5045111.011,2439194.6,118.10
95.95291,5035497.360,2435391.1,118.14
96.02513,5027432.304,2432200.4,118.18
96.09738,5020725.218,2429546.8,118.22
96.16964,5015209.153,2427364.5,118.26
96.24192,5010737.852,2425595.5,118.29
96.31423,5007183.157,2424189.2,118.33
96.38655,5004432.641,2423101.0,118.37
96.45889,5002385.384,2422291.1,118.41
96.53126,5000953.825,2421724.7,118.45
96.60365,5000062.719,2421372.1,118.48
96.67605,4999646.072,2421207.3,118.52
96.74848,4999646.002,2421207.3,118.56
96.82093,5000011.732,2421352.0,118.60
96.89340,5000698.715,2421623.8,118.63
96.96589,5001667.870,2422007.2,118.67
97.03840,5002884.904,2422488.7,118.71
97.11093,5004319.728,2423056.3,118.75
97.18348,4982181.592,2414297.8,104.98
97.25605,4853802.335,2363507.2,105.01
97.32864,4742210.941,2319358.3,105.05
97.40124,4645172.273,2280966.9,105.08
97.47387,4560765.567,2247573.1,105.11
97.54651,4487336.852,2218522.5,105.15
97.61917,4423459.245,2193250.6,105.18
97.69185,4367899.594,2171269.6,105.21
97.76455,4319590.475,2152157.0,105.24
97.83726,4277606.554,2135546.9,105.28
97.90999,4241144.594,2121121.5,105.31
97.98274,4209506.493,2108604.5,105.34
98.05551,4182084.851,2097755.7,105.37
98.12830,4158350.660,2088365.7,105.41
98.20110,4137842.768,2080252.2,105.44
98.27392,4120158.861,2073255.9,105.47
98.34675,4104947.695,2067237.9,105.50
98.41961,4091902.422,2062076.8,105.54
98.49248,4080754.825,2057666.5,105.57
98.56537,4071270.333,2053914.2,105.60
98.63828,4063243.710,2050738.6,105.63
98.71120,4056495.314,2048068.7,105.67
98.78414,4050867.850,2045842.3,105.70
98.85710,4046223.545,2044004.9,105.73
98.93008,4042441.698,2042508.7,105.76
99.00307,4039416.530,2041311.8,105.79
99.07608,4037055.187,2040377.6,105.83
99.14911,4035274.019,2039672.9,105.86
99.22216,4034000.909,2039169.3,105.89
99.29522,4033173.764,2038842.0,105.92
99.36831,4032738.124,2038669.7,105.95
99.44140,4032646.214,2038633.3,105.99
99.51452,4032856.129,2038716.4,106.02
99.58766,4033331.099,2038904.3,106.05
99.66081,4034038.865,2039184.3,106.08
99.73398,4034951.119,2039545.2,106.11
99.80716,4036043.021,2039977.2,106.15
99.88037,4037292.772,2040471.6,106.18
99.95359,3974228.526,2015521.5,92.40
100.02683,3858634.926,1969789.3,92.43
100.10008,3758170.150,1930042.4,92.46
100.17335,3670808.644,1895479.6,92.48
100.24663,3594811.983,1865413.0,92.51
100.31993,3528685.044,1839251.2,92.54
100.39324,3471139.422,1816484.5,92.57
100.46657,3421062.823,1796672.7,92.59
100.53991,3377493.358,1779435.3,92.62
100.61327,3339597.916,1764442.7,92.65
100.68664,3306653.886,1751409.1,92.67
100.76003,3278033.693,1740086.1,92.70
100.83343,3253191.655,1730257.8,92.73
100.90685,3231652.792,1721736.4,92.75
100.98028,3213003.270,1714358.1,92.78
101.05372,3196882.216,1707980.1,92.81
101.12718,3182974.700,1702477.9,92.83
101.20065,3171005.696,1697742.6,92.86
101.27414,3160734.879,1693679.2,92.89
101.34764,3151952.127,1690204.5,92.91
101.42116,3144473.644,1687245.7,92.94
101.49469,3138138.587,1684739.4,92.97
101.56824,3132806.145,1682629.7,92.99
101.64180,3128353.008,1680867.9,93.02
101.71537,3124671.152,1679411.3,93.05
101.78896,3121665.927,1678222.3,93.07
101.86257,3119254.374,1677268.2,93.10
101.93619,3117363.678,1676520.2,93.13
102.00982,3115928.097,1675952.3,93.15
102.08347,3114890.829,1675541.9,93.18
102.15713,3114203.199,1675269.8,93.21
102.23080,3113822.510,1675119.2,93.23
102.30449,3113711.307,1675075.2,93.26
102.37820,3113836.732,1675124.9,93.28
102.45192,3114169.952,1675256.7,93.31
102.52565,3114685.668,1675460.7,93.34
102.59940,3115361.681,1675728.2,93.36
102.67317,3116178.509,1676051.3,93.39
102.74694,3117119.052,1676423.4,93.42
102.82074,3118168.306,1676838.6,93.44
102.89454,3059122.925,1653478.4,79.66
102.96836,2951125.908,1610751.6,79.68
103.04220,2857315.102,1573637.3,79.70
103.11604,2775770.568,1541375.8,79.73
103.18990,2704848.545,1513316.9,79.75
103.26377,2643138.599,1488902.6,79.77
103.33765,2589427.929,1467653.1,79.79
103.41154,2542671.619,1449154.9,79.81
103.48545,2501967.728,1433051.2,79.84
103.55936,2466536.402,1419033.5,79.86
103.63329,2435702.285,1406834.6,79.88
103.70723,2408879.675,1396222.8,79.90
103.78118,2385559.954,1386996.8,79.92
103.85515,2365300.921,1378981.8,79.94
103.92912,2347717.701,1372025.3,79.96
104.00311,2332474.991,1365994.8,79.99
104.07711,2319280.416,1360774.7,80.01
104.15112,2307878.841,1356263.9,80.03
104.22514,2298047.463,1352374.3,80.05
104.29917,2289591.600,1349028.9,80.07
104.37322,2282341.046,1346160.4,80.09
104.44727,2276146.916,1343709.8,80.11
104.52134,2270878.926,1341625.6,80.13
104.59542,2266423.016,1339862.7,80.16
104.66951,2262679.301,1338381.6,80.18
104.74361,2259560.283,1337147.6,80.20
104.81773,2256989.292,1336130.4,80.22
104.89185,2254899.129,1335303.5,80.24
104.96599,2253230.890,1334643.5,80.26
105.04014,2251932.722,1334129.9,80.28
105.11430,2250957.211,1333744.0,80.30
105.18848,2250264.492,1333469.9,80.32
105.26266,2249820.020,1333294.1,80.34
105.33686,2249593.491,1333204.5,80.37
105.41106,2249558.317,1333190.5,80.39
105.48528,2249691.171,1333243.1,80.41
105.55951,2249971.581,1333354.0,80.43
105.63375,2250381.583,1333516.2,80.45
105.70801,2250905.412,1333723.5,80.47
105.78227,2251529.232,1333970.3,80.49
105.85655,2252240.897,1334251.8,80.51
105.93084,2253029.751,1334563.9,80.53
106.00514,2253886.437,1334902.9,80.55
106.07945,2199214.390,1313273.0,66.77
106.15378,2099473.608,1273812.5,66.78
106.22811,2012917.159,1239568.2,66.80
106.30245,1937735.445,1209824.1,66.82
106.37680,1872384.011,1183969.1,66.83
106.45116,1815541.549,1161480.6,66.85
106.52553,1766075.087,1141910.1,66.87
106.59991,1723011.052,1124872.7,66.88
106.67430,1685511.150,1110036.6,66.90
106.74869,1652852.203,1097115.8,66.92
106.82310,1624409.247,1085862.9,66.93
106.89752,1599641.325,1076064.0,66.95
106.97194,1578079.497,1067533.5,66.97
107.04637,1559316.700,1060110.4,66.98
107.12081,1542999.153,1053654.6,67.00
107.19527,1528819.036,1048044.6,67.02
107.26973,1516508.253,1043174.1,67.03
107.34419,1505833.094,1038950.6,67.05
107.41867,1496589.654,1035293.7,67.07
107.49316,1488599.911,1032132.7,67.08
107.56766,1481708.336,1029406.2,67.10
107.64216,1475778.972,1027060.3,67.11
107.71667,1470692.911,1025048.1,67.13
107.79120,1466346.108,1023328.4,67.15
107.86573,1462647.488,1021865.1,67.16
107.94027,1459517.300,1020626.7,67.18
108.01482,1456885.683,1019585.6,67.19
108.08938,1454691.430,1018717.5,67.21
108.16394,1452880.897,1018001.2,67.23
108.23852,1451407.058,1017418.1,67.24
108.31310,1450228.686,1016951.9,67.26
108.38770,1449309.583,1016588.3,67.28
108.46230,1448616.715,1016314.1,67.29
108.53691,1448121.500,1016118.2,67.31
108.61153,1447799.799,1015990.9,67.32
108.68616,1447630.432,1015923.9,67.34
108.76080,1447594.817,1015909.8,67.35
108.83545,1447676.646,1015942.2,67.37
108.91010,1447861.609,1016015.4,67.39
108.98477,1448137.148,1016124.4,67.40
109.05944,1448492.239,1016264.9,67.42
109.13412,1448917.209,1016433.0,67.43
109.20882,1449403.565,1016625.4,67.45
109.28352,1449943.855,1016839.2,67.47
109.35823,1450531.534,1017071.7,67.48
109.43294,1451160.861,1017320.7,67.50
109.50767,1451826.792,1017584.1,67.51
109.58241,1401959.028,997855.0,53.72
109.65715,1311287.040,961982.4,53.73
109.73190,1232726.022,930901.3,53.75
109.80666,1164581.865,903941.5,53.76
109.88142,1105414.546,880533.1,53.77
109.95620,1053996.939,860190.8,53.78
110.03097,1009280.786,842499.7,53.79
110.10576,970368.530,827104.9,53.81
110.18055,936489.933,813701.5,53.82
110.25535,906982.626,802027.5,53.83
110.33015,881275.871,791857.2,53.84
110.40497,858876.983,782995.5,53.85
110.47978,839359.932,775274.0,53.87
110.55461,822355.744,768546.6,53.88
110.62944,807544.404,762686.8,53.89
110.70428,794647.992,757584.6,53.90
110.77912,783424.865,753144.4,53.91
110.85397,773664.688,749283.0,53.92
110.92883,765184.207,745927.8,53.94
111.00369,757823.618,743015.8,53.95
111.07856,751443.463,740491.6,53.96
111.15344,745921.950,738307.1,53.97
111.22832,741152.650,736420.2,53.98
111.30321,737042.510,734794.2,53.99
111.37810,733510.128,733396.6,54.01
111.45300,730484.265,732199.5,54.02
111.52791,727902.554,731178.1,54.03
111.60283,725710.372,730310.8,54.04
111.67775,723859.868,729578.7,54.05
111.75267,722309.109,728965.2,54.06
111.82761,721021.342,728455.7,54.08
111.90255,719964.344,728037.5,54.09
111.97749,719109.864,727699.5,54.10
112.05245,718433.124,727431.7,54.11
112.12741,717912.390,727225.7,54.12
112.20237,717527.752,727073.5,54.13
112.27734,717261.616,726968.2,54.14
112.35232,717099.499,726904.1,54.16
112.42731,717028.710,726876.1,54.17
112.50230,717038.112,726879.8,54.18
112.57730,717117.929,726911.4,54.19
112.65230,717259.583,726967.4,54.20
112.72731,717455.544,727045.0,54.21
112.80233,717699.203,727141.4,54.22
112.87735,717984.758,727254.3,54.23
112.95238,718307.118,727381.9,54.25
113.02742,718661.812,727522.2,54.26
113.10246,719044.916,727673.8,54.27
113.17751,719452.984,727835.2,54.28
113.25256,719882.992,728005.3,54.29
113.32762,720332.286,728183.1,54.30
113.40269,720798.533,728367.5,54.31
113.47777,676288.550,710758.1,40.52
113.55285,595744.165,678892.3,40.53
113.62793,526147.285,651357.7,40.53
113.70302,465924.742,627531.9,40.54
113.77812,413746.669,606888.7,40.55
113.85321,368485.944,588982.2,40.56
113.92832,329184.820,573433.5,40.57
114.00342,295027.423,559919.8,40.57
114.07854,265317.028,548165.5,40.58
114.15365,239457.262,537934.6,40.59
114.22877,216936.499,529024.7,40.60
114.30390,197314.888,521261.8,40.61
114.37903,180213.526,514496.0,40.61
114.45416,165305.410,508597.9,40.62
114.52930,152307.836,503455.7,40.63
114.60444,140976.016,498972.5,40.64
114.67959,131097.678,495064.3,40.64
114.75474,122488.506,491658.2,40.65
114.82989,114988.266,488690.9,40.66
114.90505,108457.504,486107.2,40.67
114.98022,102774.733,483858.9,40.67
115.05538,97834.026,481904.2,40.68
115.13055,93542.948,480206.5,40.69
115.20573,89820.782,478733.9,40.70
115.28091,86596.996,477458.5,40.70
115.35609,83809.926,476355.8,40.71
115.43128,81405.632,475404.6,40.72
115.50647,79336.910,474586.2,40.73
115.58167,77562.436,473884.2,40.73
115.65687,76046.019,473284.2,40.74
115.73208,74755.953,472773.8,40.75
115.80728,73664.456,472342.0,40.76
115.88250,72747.178,471979.1,40.76
115.95772,71982.769,471676.7,40.77
116.03294,71352.511,471427.3,40.78
116.10816,70839.988,471224.6,40.79
116.18339,70430.800,471062.7,40.79
116.25863,70112.317,470936.7,40.80
116.33386,69873.457,470842.2,40.81
116.40911,69704.496,470775.3,40.82
116.48435,69596.673,470732.7,40.82
116.55960,69541.485,470710.8,40.83
116.63486,69532.427,470707.2,40.84
116.71012,69563.875,470719.7,40.84
116.78538,69630.893,470746.2,40.85
116.86065,69729.148,470785.1,40.86
116.93592,69854.836,470834.8,40.87
117.01119,70004.620,470894.1,40.87
117.08647,70175.568,470961.7,40.88
117.16176,70365.108,471036.7,40.89
117.23705,70570.979,471118.1,40.90
117.31234,70791.200,471205.3,40.90
117.38763,71024.030,471297.4,40.91
117.46293,71267.939,471393.9,40.92
117.53824,71521.586,471494.2,40.92
117.61355,71783.794,471598.0,40.93
117.68886,72053.526,471704.7,40.94
117.76418,72329.875,471814.0,40.95
117.83950,72612.044,471925.6,40.95
117.91483,72899.333,472039.3,40.96
117.99016,59769.382,466844.7,40.97
118.06549,23156.680,452359.6,27.17
118.14083,0.000,425728.1,27.17
118.21617,0.000,402824.0,27.18
118.29151,0.000,383090.5,27.18
118.36685,0.000,366060.3,27.19
118.44220,0.000,351340.4,27.19
118.51755,0.000,338599.3,27.19
118.59290,0.000,327556.8,27.20
118.66826,0.000,317975.0,27.20
118.74361,0.000,309652.1,27.21
118.81897,0.000,302416.0,27.21
118.89433,0.000,296119.5,27.22
118.96970,0.000,290636.8,27.22
119.04507,0.000,285859.9,27.22
119.12043,0.000,281695.9,27.23
119.19581,0.000,278064.8,27.23
119.27118,0.000,274897.4,27.24
119.34656,0.000,272134.1,27.24
119.42193,0.000,269723.1,27.25
119.49731,0.000,267619.6,27.25
119.57270,0.000,265784.5,27.25
119.64808,0.000,264184.0,27.26
119.72347,0.000,262788.7,27.26
119.79886,0.000,261572.7,27.27
119.87425,0.000,260513.8,27.27
119.94964,0.000,259592.3,27.27
120.02504,0.000,258791.3,27.28
120.10044,0.000,258095.7,27.28
120.17584,0.000,257492.5,27.29
120.25124,0.000,256970.3,27.29
120.32665,0.000,256519.2,27.29
120.40206,0.000,256130.3,27.30
120.47747,0.000,255796.0,27.30
120.55288,0.000,255509.7,27.31
120.62829,0.000,255265.4,27.31
120.70371,0.000,255057.9,27.31
120.77913,0.000,254882.9,27.32
120.85455,0.000,254736.2,27.32
120.92997,0.000,254614.4,27.33
121.00540,0.000,254514.5,27.33
121.08083,0.000,254433.8,27.33
121.15626,0.000,254369.9,27.34
121.23169,0.000,254320.9,27.34
121.30713,0.000,254284.8,27.35
121.38256,0.000,254260.2,27.35
121.45800,0.000,254245.5,27.35
121.53344,0.000,254239.7,27.36
121.60889,0.000,254241.5,27.36
121.68433,0.000,254250.1,27.37
121.75978,0.000,254264.3,27.37
121.83523,0.000,254283.5,27.37
121.91068,0.000,254306.9,27.38
121.98614,0.000,254334.2,27.38
122.06160,0.000,254364.8,27.39
122.13706,0.000,254398.3,27.39
122.21252,0.000,254434.4,27.39
122.28798,0.000,254472.8,27.40
122.36345,0.000,254513.1,27.40
122.43892,0.000,254555.2,27.40
122.51439,0.000,254598.8,27.41
122.58986,0.000,254643.8,27.41
122.66534,0.000,254689.9,27.42
122.74081,0.000,254737.1,27.42
122.81629,0.000,254785.2,27.42
122.89178,0.000,254834.1,27.43
122.96726,0.000,254883.7,27.43
123.04275,0.000,254934.0,27.43
123.11824,0.000,254984.8,27.44
123.19373,0.000,255036.0,27.44
123.26922,0.000,255087.7,27.45
123.34472,0.000,255139.8,27.45
123.42021,0.000,255192.2,27.45
123.49572,0.000,255244.9,27.46
123.57122,0.000,255297.8,27.46
123.64672,0.000,243007.7,13.66
123.72223,0.000,221222.1,13.66
123.79774,0.000,202694.0,13.66
123.87324,0.000,186901.0,13.66
123.94875,0.000,173410.0,13.67
124.02426,0.000,161861.2,13.67
124.09978,0.000,151954.7,13.67
124.17529,0.000,143440.5,13.67
124.25080,0.000,136109.5,13.67
124.32632,0.000,129786.2,13.67
124.40183,0.000,124323.4,13.68
124.47735,0.000,119596.8,13.68
124.55286,0.000,115501.7,13.68
124.62838,0.000,111949.2,13.68
124.70390,0.000,108863.9,13.68
124.77942,0.000,106181.7,13.68
124.85494,0.000,103847.7,13.69
124.93046,0.000,101815.1,13.69
125.00598,0.000,109623.5,13.69
125.08151,0.000,106850.4,13.69
125.15703,0.000,104437.8,13.69
125.23255,0.000,102337.1,13.69
125.30808,0.000,108281.9,13.69
125.38361,0.000,105690.1,13.70
125.45913,0.000,103434.4,13.70
125.53466,0.000,102778.0,13.70
125.61019,0.000,104262.0,13.70
125.68572,0.000,102195.0,13.70
125.76125,0.000,110007.5,13.70
125.83678,0.000,107203.5,13.70
125.91231,0.000,104764.2,13.71
125.98784,0.000,102640.4,13.71
126.06338,0.000,104599.0,13.71
126.13891,0.000,102500.1,13.71
126.21445,0.000,105771.1,13.71
126.28998,0.000,103525.5,13.71
126.36552,0.000,102245.0,13.71
126.44106,0.000,110073.4,13.72
126.51660,0.000,107277.9,13.72
126.59214,0.000,104846.0,13.72
126.66768,0.000,102728.5,13.72
126.74322,0.000,104246.2,13.72
126.81876,0.000,102209.3,13.72
126.89430,0.000,110051.2,13.72
126.96985,0.000,107270.0,13.73
127.04539,0.000,104850.3,13.73
127.12094,0.000,102743.5,13.73
127.19648,0.000,104271.3,13.73
127.27203,0.000,102242.4,13.73
127.34758,0.000,110094.9,13.73
127.42312,0.000,107319.4,13.74
127.49867,0.000,104904.7,13.74
127.57422,0.000,102802.2,13.74
127.64977,0.000,104335.7,13.74
127.72533,0.000,102309.7,13.74
127.80088,0.000,108124.2,13.74
127.87643,0.000,105615.1,13.74
127.95199,0.000,103430.9,13.75
128.02754,0.000,102446.0,13.75
128.10310,0.000,106073.8,13.75
128.17866,0.000,103836.2,13.75
128.25421,0.000,101887.2,13.75
128.32977,0.000,109780.4,13.75
128.40533,0.000,107070.4,13.75
128.48089,0.000,104712.3,13.76
128.55645,0.000,102658.7,13.76
128.63201,0.000,104243.0,13.76
128.70758,0.000,102253.0,13.76
128.78314,0.000,110142.6,13.76
128.85870,0.000,107396.4,13.76
128.93427,0.000,105006.8,13.76
129.00983,0.000,102925.8,13.77
129.08540,0.000,104482.5,13.77
129.16097,0.000,102471.9,13.77
129.23654,0.000,105675.4,13.77
129.31211,0.000,103515.4,13.77
129.38768,0.000,101973.0,13.77
129.46325,0.000,109890.5,13.77
129.53882,0.000,107192.3,13.77
129.61439,0.000,104844.3,13.78
129.68997,0.000,102799.2,13.78
129.76554,0.000,104383.9,13.78
129.84111,0.000,102401.0,13.78
129.91669,0.000,106326.0,13.78
129.99227,0.000,104097.8,13.78
130.06784,0.000,102156.5,13.78
130.14342,0.000,110082.6,13.79
130.21900,0.000,107374.9,13.79
130.29458,0.000,105018.6,13.79
130.37016,0.000,102966.4,13.79
130.44575,0.000,104550.2,13.79
130.52133,0.000,102561.3,13.79
130.59691,0.000,104787.1,13.79
130.67250,0.000,102771.2,13.79
130.74808,0.000,104381.1,13.80
130.82367,0.000,102420.4,13.80
130.89925,0.000,105993.6,13.80
130.97484,0.000,103830.0,13.80
131.05043,0.000,101944.7,13.80
131.12602,0.000,109902.8,13.80
131.20161,0.000,107240.7,13.80
131.27720,0.000,104923.7,13.81
131.35279,0.000,99588.3,0.00
