t_s,thrust_N,Pc_Pa,Kn
0.00000,0.000,101325.0,247.93
0.00031,0.000,365009.8,247.93
0.00061,130.373,673307.3,247.93
0.00092,339.318,994132.3,247.94
0.00123,545.028,1309989.9,247.95
0.00153,741.381,1611479.9,247.95
0.00184,925.152,1893651.5,247.96
0.00215,1094.839,2154196.8,247.97
0.00245,1249.994,2392429.1,247.97
0.00276,1390.820,2608660.7,247.98
0.00307,1517.915,2803808.9,247.99
0.00338,1632.103,2979138.4,248.00
0.00368,1734.324,3136093.7,248.01
0.00399,1825.564,3276187.6,248.02
0.00430,1906.805,3400929.4,248.02
0.00461,1978.998,3511779.0,248.03
0.00492,2043.045,3610118.9,248.04
0.00522,2099.784,3697238.8,248.05
0.00553,2149.990,3774328.0,248.06
0.00584,2194.372,3842473.9,248.07
0.00615,2233.572,3902663.9,248.08
0.00646,2268.172,3955789.8,248.09
0.00677,2298.693,4002653.3,248.10
0.00708,2325.603,4043972.8,248.11
0.00739,2349.321,4080390.0,248.11
0.00770,2370.218,4112476.4,248.12
0.00801,2388.625,4140740.4,248.13
0.00832,2404.837,4165633.0,248.14
0.00863,2419.114,4187553.9,248.15
0.00894,2431.685,4206857.1,248.16
0.00925,2442.756,4223855.1,248.17
0.00956,2452.505,4238824.3,248.18
0.00987,2461.091,4252008.5,248.19
0.01018,2468.655,4263622.5,248.20
0.01049,2475.320,4273855.9,248.21
0.01080,2481.194,4282875.7,248.22
0.01111,2486.374,4290828.6,248.23
0.01143,2490.943,4297844.0,248.24
0.01174,2494.976,4304035.8,248.25
0.01205,2498.537,4309504.0,248.26
0.01236,2501.684,4314336.6,248.27
0.01267,2504.468,4318610.9,248.28
0.01299,2506.932,4322394.9,248.29
0.01330,2509.116,4325748.4,248.30
0.01361,2511.054,4328723.8,248.30
0.01392,2512.776,4331367.3,248.31
0.01424,2514.308,4333719.4,248.32
0.01455,2515.673,4335815.7,248.33
0.01486,2516.892,4337687.3,248.34
0.01518,2517.982,4339361.8,248.35
0.01549,2518.960,4340863.3,248.36
0.01580,2519.839,4342212.8,248.37
0.01612,2520.631,4343429.0,248.38
0.01643,2521.347,4344528.2,248.39
0.01675,2521.996,4345524.6,248.40
0.01706,2522.586,4346430.9,248.41
0.01738,2523.125,4347258.1,248.42
0.01769,2523.619,4348015.9,248.43
0.01801,2524.073,4348712.8,248.44
0.01832,2524.492,4349356.2,248.45
0.01864,2524.880,4349952.7,248.46
0.01895,2525.242,4350508.0,248.47
0.01927,2525.580,4351027.2,248.48
0.01958,2525.897,4351514.8,248.49
0.01990,2526.197,4351974.6,248.50
0.02022,2526.480,4352410.0,248.51
0.02053,2526.750,4352824.0,248.52
0.02085,2527.007,4353219.2,248.53
0.02117,2527.254,4353598.0,248.54
0.02148,2527.491,4353962.4,248.55
0.02180,2527.721,4354314.2,248.56
0.02212,2527.942,4354654.8,248.57
0.02244,2528.158,4354985.8,248.58
0.02275,2528.368,4355308.3,248.59
0.02307,2528.573,4355623.3,248.60
0.02339,2528.774,4355931.7,248.60
0.02371,2528.971,4356234.5,248.61
0.02402,2529.165,4356532.3,248.62
0.02434,2529.356,4356825.6,248.63
0.02466,2529.545,4357115.2,248.64
0.02498,2529.731,4357401.4,248.65
0.02530,2529.916,4357684.7,248.66
0.02562,2530.099,4357965.5,248.67
0.02594,2530.280,4358244.0,248.68
0.02626,2530.460,4358520.6,248.69
0.02658,2530.639,4358795.5,248.70
0.02690,2530.817,4359068.9,248.71
0.02722,2530.994,4359341.1,248.72
0.02754,2531.171,4359612.2,248.73
0.02786,2531.347,4359882.3,248.74
0.02818,2531.522,4360151.6,248.75
0.02850,2531.697,4360420.1,248.76
0.02882,2531.872,4360688.1,248.77
0.02914,2532.046,4360955.6,248.78
0.02946,2532.220,4361222.6,248.79
0.02978,2532.393,4361489.2,248.80
0.03010,2532.567,4361755.3,248.81
0.03042,2532.740,4362021.0,248.82
0.03075,2532.913,4362286.4,248.83
0.03107,2533.085,4362551.5,248.84
0.03139,2533.258,4362816.3,248.85
0.03171,2533.430,4363081.0,248.86
0.03203,2533.602,4363345.5,248.87
0.03236,2533.775,4363609.8,248.88
0.03268,2533.947,4363874.1,248.89
0.03300,2534.119,4364138.3,248.90
0.03333,2534.291,4364402.5,248.91
0.03365,2534.463,4364666.6,248.92
0.03397,2534.635,4364930.7,248.93
0.03430,2534.807,4365194.9,248.94
0.03462,2534.979,4365459.0,248.95
0.03494,2535.151,4365723.2,248.96
0.03527,2535.323,4365987.5,248.97
0.03559,2535.495,4366251.7,248.98
0.03592,2535.667,4366516.1,248.99
0.03624,2535.840,4366780.5,249.00
0.03657,2536.012,4367045.0,249.01
0.03689,2536.184,4367309.5,249.02
0.03722,2536.356,4367574.2,249.03
0.03754,2536.529,4367838.9,249.04
0.03787,2536.701,4368103.8,249.05
0.03819,2536.874,4368368.7,249.06
0.03852,2537.047,4368633.7,249.07
0.03885,2537.219,4368898.8,249.08
0.03917,2537.392,4369164.0,249.09
0.03950,2537.565,4369429.4,249.10
0.03982,2537.738,4369694.8,249.11
0.04015,2537.911,4369960.3,249.12
0.04048,2538.084,4370226.0,249.13
0.04081,2538.257,4370491.7,249.14
0.04113,2538.430,4370757.6,249.15
0.04146,2538.603,4371023.6,249.16
0.04179,2538.776,4371289.7,249.16
0.04212,2538.950,4371555.9,249.17
0.04244,2539.123,4371822.2,249.18
0.04277,2539.297,4372088.6,249.19
0.04310,2539.470,4372355.2,249.20
0.04343,2539.644,4372621.8,249.21
0.04376,2539.818,4372888.6,249.22
0.04409,2539.991,4373155.5,249.23
0.04441,2540.165,4373422.5,249.24
0.04474,2540.339,4373689.7,249.25
0.04507,2540.513,4373956.9,249.26
0.04540,2540.688,4374224.3,249.27
0.04573,2540.862,4374491.8,249.28
0.04606,2541.036,4374759.4,249.29
0.04639,2541.210,4375027.1,249.30
0.04672,2541.385,4375294.9,249.31
0.04705,2541.559,4375562.9,249.32
0.04738,2541.734,4375830.9,249.33
0.04771,2541.909,4376099.1,249.34
0.04805,2542.083,4376367.4,249.35
0.04838,2542.258,4376635.9,249.36
0.04871,2542.433,4376904.4,249.37
0.04904,2542.608,4377173.1,249.38
0.04937,2542.783,4377441.8,249.39
0.04970,2542.958,4377710.7,249.40
0.05003,2543.133,4377979.8,249.41
0.05037,2543.309,4378248.9,249.42
0.05070,2543.484,4378518.1,249.43
0.05103,2543.659,4378787.5,249.44
0.05136,2543.835,4379057.0,249.45
0.05170,2544.011,4379326.6,249.46
0.05203,2544.186,4379596.4,249.47
0.05236,2544.362,4379866.2,249.48
0.05270,2544.538,4380136.2,249.49
0.05303,2544.714,4380406.3,249.50
0.05336,2544.890,4380676.5,249.52
0.05370,2545.066,4380946.8,249.53
0.05403,2545.242,4381217.2,249.54
0.05437,2545.418,4381487.8,249.55
0.05470,2545.594,4381758.5,249.56
0.05504,2545.771,4382029.3,249.57
0.05537,2545.947,4382300.2,249.58
0.05571,2546.124,4382571.3,249.59
0.05604,2546.300,4382842.4,249.60
0.05638,2546.477,4383113.7,249.61
0.05671,2546.654,4383385.1,249.62
0.05705,2546.831,4383656.6,249.63
0.05738,2547.007,4383928.3,249.64
0.05772,2547.184,4384200.0,249.65
0.05806,2547.361,4384471.8,249.66
0.05839,2547.538,4384743.5,249.67
0.05873,2547.715,4385015.2,249.68
0.05906,2547.892,4385286.9,249.69
0.05940,2548.069,4385558.5,249.70
0.05974,2548.246,4385830.2,249.71
0.06008,2548.423,4386102.0,249.72
0.06041,2548.600,4386373.7,249.73
0.06075,2548.777,4386645.6,249.74
0.06109,2548.954,4386917.4,249.75
0.06143,2549.131,4387189.4,249.76
0.06177,2549.309,4387461.4,249.77
0.06210,2549.486,4387733.5,249.78
0.06244,2549.663,4388005.7,249.79
0.06278,2549.840,4388278.0,249.80
0.06312,2550.018,4388550.3,249.81
0.06346,2550.195,4388822.8,249.82
0.06380,2550.373,4389095.4,249.83
0.06414,2550.550,4389368.0,249.84
0.06448,2550.728,4389640.8,249.85
0.06482,2550.906,4389913.7,249.86
0.06516,2551.083,4390186.6,249.87
0.06550,2551.261,4390459.7,249.88
0.06584,2551.439,4390732.9,249.89
0.06618,2551.617,4391006.2,249.90
0.06652,2551.795,4391279.7,249.91
0.06686,2551.973,4391553.2,249.92
0.06720,2552.152,4391826.9,249.93
0.06754,2552.330,4392100.6,249.94
0.06788,2552.508,4392374.5,249.95
0.06823,2552.687,4392648.5,249.96
0.06857,2552.865,4392922.6,249.97
0.06891,2553.044,4393196.9,249.98
0.06925,2553.223,4393471.2,249.99
0.06959,2553.401,4393745.7,250.00
0.06994,2553.580,4394020.3,250.01
0.07028,2553.759,4394295.0,250.02
0.07062,2553.938,4394569.8,250.03
0.07096,2554.117,4394844.8,250.04
0.07131,2554.296,4395119.8,250.05
0.07165,2554.476,4395395.0,250.06
0.07200,2554.655,4395670.3,250.07
0.07234,2554.834,4395945.8,250.08
0.07268,2555.014,4396221.3,250.09
0.07303,2555.193,4396497.0,250.10
0.07337,2555.373,4396772.8,250.11
0.07372,2555.552,4397048.7,250.12
0.07406,2555.732,4397324.7,250.13
0.07441,2555.912,4397600.9,250.15
0.07475,2556.092,4397877.1,250.16
0.07510,2556.272,4398153.5,250.17
0.07544,2556.452,4398430.0,250.18
0.07579,2556.632,4398706.7,250.19
0.07613,2556.813,4398983.4,250.20
0.07648,2556.993,4399260.3,250.21
0.07683,2557.173,4399537.3,250.22
0.07717,2557.354,4399814.4,250.23
0.07752,2557.534,4400091.7,250.24
0.07787,2557.715,4400369.0,250.25
0.07821,2557.896,4400646.5,250.26
0.07856,2558.076,4400924.1,250.27
0.07891,2558.257,4401201.8,250.28
0.07925,2558.438,4401479.7,250.29
0.07960,2558.619,4401757.6,250.30
0.07995,2558.800,4402035.7,250.31
0.08030,2558.982,4402313.9,250.32
0.08065,2559.163,4402592.3,250.33
0.08099,2559.344,4402870.7,250.34
0.08134,2559.526,4403149.3,250.35
0.08169,2559.707,4403428.0,250.36
0.08204,2559.889,4403706.8,250.37
0.08239,2560.070,4403985.7,250.38
0.08274,2560.252,4404264.8,250.39
0.08309,2560.434,4404544.0,250.40
0.08344,2560.616,4404823.3,250.41
0.08379,2560.798,4405102.7,250.42
0.08414,2560.980,4405382.3,250.43
0.08449,2561.162,4405661.9,250.45
0.08484,2561.344,4405941.7,250.46
0.08519,2561.527,4406221.7,250.47
0.08554,2561.709,4406501.7,250.48
0.08589,2561.891,4406781.8,250.49
0.08624,2562.074,4407062.0,250.50
0.08659,2562.256,4407342.0,250.51
0.08695,2562.439,4407622.1,250.52
0.08730,2562.621,4407902.1,250.53
0.08765,2562.803,4408182.1,250.54
0.08800,2562.986,4408462.2,250.55
0.08835,2563.168,4408742.3,250.56
0.08871,2563.351,4409022.4,250.57
0.08906,2563.533,4409302.6,250.58
0.08941,2563.716,4409582.8,250.59
0.08977,2563.898,4409863.1,250.60
0.09012,2564.081,4410143.5,250.61
0.09047,2564.263,4410423.9,250.62
0.09083,2564.446,4410704.5,250.63
0.09118,2564.629,4410985.1,250.64
0.09153,2564.812,4411265.9,250.65
0.09189,2564.995,4411546.7,250.66
0.09224,2565.178,4411827.6,250.67
0.09260,2565.361,4412108.7,250.68
0.09295,2565.544,4412389.8,250.70
0.09331,2565.727,4412671.0,250.71
0.09366,2565.910,4412952.4,250.72
0.09402,2566.094,4413233.9,250.73
0.09437,2566.277,4413515.5,250.74
0.09473,2566.460,4413797.2,250.75
0.09508,2566.644,4414079.0,250.76
0.09544,2566.828,4414360.9,250.77
0.09580,2567.011,4414642.9,250.78
0.09615,2567.195,4414925.1,250.79
0.09651,2567.379,4415207.4,250.80
0.09687,2567.563,4415489.8,250.81
0.09722,2567.747,4415772.3,250.82
0.09758,2567.931,4416054.9,250.83
0.09794,2568.115,4416337.7,250.84
0.09830,2568.299,4416620.6,250.85
0.09865,2568.483,4416903.6,250.86
0.09901,2568.668,4417186.7,250.87
0.09937,2568.852,4417469.9,250.88
0.09973,2569.037,4417753.3,250.89
0.10009,2569.222,4418036.8,250.90
0.10045,2569.406,4418320.4,250.92
0.10081,2569.591,4418604.1,250.93
0.10117,2569.776,4418888.0,250.94
0.10152,2569.961,4419171.9,250.95
0.10188,2570.146,4419456.0,250.96
0.10224,2570.331,4419740.3,250.97
0.10260,2570.516,4420024.6,250.98
0.10296,2570.701,4420309.1,250.99
0.10332,2570.887,4420593.7,251.00
0.10368,2571.072,4420878.4,251.01
0.10405,2571.258,4421163.2,251.02
0.10441,2571.443,4421448.2,251.03
0.10477,2571.629,4421733.2,251.04
0.10513,2571.815,4422018.4,251.05
0.10549,2572.001,4422303.8,251.06
0.10585,2572.186,4422589.2,251.07
0.10621,2572.372,4422874.8,251.08
0.10658,2572.558,4423160.5,251.10
0.10694,2572.745,4423446.3,251.11
0.10730,2572.931,4423732.3,251.12
0.10766,2573.117,4424018.3,251.13
0.10803,2573.304,4424304.5,251.14
0.10839,2573.490,4424590.8,251.15
0.10875,2573.677,4424877.3,251.16
0.10912,2573.863,4425163.8,251.17
0.10948,2574.050,4425450.5,251.18
0.10984,2574.237,4425737.3,251.19
0.11021,2574.424,4426024.3,251.20
0.11057,2574.611,4426311.3,251.21
0.11094,2574.798,4426598.5,251.22
0.11130,2574.985,4426885.8,251.23
0.11167,2575.172,4427173.2,251.24
0.11203,2575.359,4427460.8,251.26
0.11240,2575.546,4427748.5,251.27
0.11276,2575.734,4428036.3,251.28
0.11313,2575.921,4428324.2,251.29
0.11349,2576.109,4428612.2,251.30
0.11386,2576.297,4428900.4,251.31
0.11423,2576.484,4429188.6,251.32
0.11459,2576.672,4429476.7,251.33
0.11496,2576.860,4429764.7,251.34
0.11532,2577.047,4430052.8,251.35
0.11569,2577.235,4430340.8,251.36
0.11606,2577.422,4430628.8,251.37
0.11643,2577.610,4430916.9,251.38
0.11679,2577.798,4431205.0,251.39
0.11716,2577.985,4431493.2,251.40
0.11753,2578.173,4431781.4,251.42
0.11790,2578.361,4432069.6,251.43
0.11827,2578.549,4432358.0,251.44
0.11863,2578.736,4432646.4,251.45
0.11900,2578.924,4432934.9,251.46
0.11937,2579.112,4433223.5,251.47
0.11974,2579.300,4433512.2,251.48
0.12011,2579.488,4433801.0,251.49
0.12048,2579.676,4434089.9,251.50
0.12085,2579.865,4434378.9,251.51
0.12122,2580.053,4434668.0,251.52
0.12159,2580.241,4434957.2,251.53
0.12196,2580.430,4435246.5,251.54
0.12233,2580.618,4435535.9,251.55
0.12270,2580.807,4435825.4,251.57
0.12307,2580.995,4436115.1,251.58
0.12344,2581.184,4436404.9,251.59
0.12382,2581.373,4436694.8,251.60
0.12419,2581.562,4436984.8,251.61
0.12456,2581.751,4437274.9,251.62
0.12493,2581.940,4437565.1,251.63
0.12530,2582.129,4437855.5,251.64
0.12568,2582.318,4438146.0,251.65
0.12605,2582.507,4438436.6,251.66
0.12642,2582.697,4438727.3,251.67
0.12679,2582.886,4439018.2,251.68
0.12717,2583.076,4439309.2,251.69
0.12754,2583.265,4439600.3,251.71
0.12791,2583.455,4439891.5,251.72
0.12829,2583.645,4440182.8,251.73
0.12866,2583.835,4440474.3,251.74
0.12904,2584.024,4440765.9,251.75
0.12941,2584.214,4441057.6,251.76
0.12978,2584.404,4441349.4,251.77
0.13016,2584.595,4441641.4,251.78
0.13053,2584.785,4441933.5,251.79
0.13091,2584.975,4442225.7,251.80
0.13128,2585.166,4442518.0,251.81
0.13166,2585.356,4442810.5,251.82
0.13204,2585.547,4443103.1,251.84
0.13241,2585.737,4443395.8,251.85
0.13279,2585.928,4443688.6,251.86
0.13316,2586.119,4443981.6,251.87
0.13354,2586.310,4444274.7,251.88
0.13392,2586.501,4444567.9,251.89
0.13429,2586.692,4444861.2,251.90
0.13467,2586.883,4445154.7,251.91
0.13505,2587.074,4445448.3,251.92
0.13543,2587.265,4445742.0,251.93
0.13580,2587.457,4446035.8,251.94
0.13618,2587.648,4446329.8,251.95
0.13656,2587.840,4446623.9,251.97
0.13694,2588.031,4446918.1,251.98
0.13732,2588.223,4447212.4,251.99
0.13770,2588.415,4447506.9,252.00
0.13808,2588.607,4447801.5,252.01
0.13845,2588.798,4448096.2,252.02
0.13883,2588.990,4448391.0,252.03
0.13921,2589.183,4448686.0,252.04
0.13959,2589.375,4448981.1,252.05
0.13997,2589.567,4449276.3,252.06
0.14035,2589.759,4449571.7,252.08
0.14073,2589.952,4449867.1,252.09
0.14111,2590.144,4450162.7,252.10
0.14150,2590.337,4450458.4,252.11
0.14188,2590.530,4450754.3,252.12
0.14226,2590.722,4451050.1,252.13
0.14264,2590.915,4451345.9,252.14
0.14302,2591.107,4451641.6,252.15
0.14340,2591.300,4451937.3,252.16
0.14378,2591.493,4452233.0,252.17
0.14417,2591.685,4452528.7,252.18
0.14455,2591.878,4452824.4,252.20
0.14493,2592.070,4453120.2,252.21
0.14532,2592.263,4453416.0,252.22
0.14570,2592.456,4453711.9,252.23
0.14608,2592.649,4454007.8,252.24
0.14647,2592.841,4454303.8,252.25
0.14685,2593.034,4454599.9,252.26
0.14723,2593.227,4454896.1,252.27
0.14762,2593.420,4455192.3,252.28
0.14800,2593.613,4455488.7,252.29
0.14839,2593.806,4455785.1,252.31
0.14877,2593.999,4456081.7,252.32
0.14916,2594.192,4456378.4,252.33
0.14954,2594.386,4456675.1,252.34
0.14993,2594.579,4456972.0,252.35
0.15031,2594.772,4457269.0,252.36
0.15070,2594.966,4457566.1,252.37
0.15108,2595.160,4457863.3,252.38
0.15147,2595.353,4458160.7,252.39
0.15186,2595.547,4458458.1,252.40
0.15224,2595.741,4458755.7,252.42
0.15263,2595.935,4459053.4,252.43
0.15302,2596.129,4459351.2,252.44
0.15340,2596.323,4459649.2,252.45
0.15379,2596.517,4459947.2,252.46
0.15418,2596.711,4460245.4,252.47
0.15457,2596.905,4460543.7,252.48
0.15496,2597.100,4460842.1,252.49
0.15534,2597.294,4461140.7,252.50
0.15573,2597.489,4461439.4,252.51
0.15612,2597.683,4461738.2,252.53
0.15651,2597.878,4462037.1,252.54
0.15690,2598.073,4462336.1,252.55
0.15729,2598.267,4462635.3,252.56
0.15768,2598.462,4462934.6,252.57
0.15807,2598.657,4463234.0,252.58
0.15846,2598.852,4463533.6,252.59
0.15885,2599.048,4463833.3,252.60
0.15924,2599.243,4464133.1,252.61
0.15963,2599.438,4464433.0,252.63
0.16002,2599.634,4464733.0,252.64
0.16041,2599.829,4465033.2,252.65
0.16080,2600.025,4465333.5,252.66
0.16119,2600.220,4465634.0,252.67
0.16159,2600.416,4465934.5,252.68
0.16198,2600.612,4466235.2,252.69
0.16237,2600.808,4466536.0,252.70
0.16276,2601.004,4466837.0,252.71
0.16315,2601.200,4467138.0,252.73
0.16355,2601.396,4467439.2,252.74
0.16394,2601.592,4467740.5,252.75
0.16433,2601.789,4468042.0,252.76
0.16473,2601.985,4468343.5,252.77
0.16512,2602.182,4468645.2,252.78
0.16551,2602.378,4468947.1,252.79
0.16591,2602.575,4469249.0,252.80
0.16630,2602.772,4469551.1,252.81
0.16670,2602.968,4469853.3,252.83
0.16709,2603.165,4470155.6,252.84
0.16749,2603.362,4470458.1,252.85
0.16788,2603.559,4470760.7,252.86
0.16828,2603.756,4471063.4,252.87
0.16867,2603.954,4471366.2,252.88
0.16907,2604.151,4471669.2,252.89
0.16946,2604.348,4471972.3,252.90
0.16986,2604.546,4472275.5,252.92
0.17026,2604.743,4472578.7,252.93
0.17065,2604.941,4472881.8,252.94
0.17105,2605.138,4473184.9,252.95
0.17145,2605.335,4473487.9,252.96
0.17184,2605.533,4473790.9,252.97
0.17224,2605.730,4474094.0,252.98
0.17264,2605.928,4474397.1,252.99
0.17304,2606.125,4474700.2,253.01
0.17344,2606.322,4475003.3,253.02
0.17383,2606.520,4475306.5,253.03
0.17423,2606.717,4475609.8,253.04
0.17463,2606.915,4475913.1,253.05
0.17503,2607.113,4476216.5,253.06
0.17543,2607.310,4476520.1,253.07
0.17583,2607.508,4476823.7,253.08
0.17623,2607.706,4477127.4,253.09
0.17663,2607.904,4477431.1,253.11
0.17703,2608.102,4477735.0,253.12
0.17743,2608.299,4478039.0,253.13
0.17783,2608.498,4478343.2,253.14
0.17823,2608.696,4478647.4,253.15
0.17863,2608.894,4478951.7,253.16
0.17903,2609.092,4479256.2,253.17
0.17943,2609.291,4479560.7,253.18
0.17983,2609.489,4479865.4,253.20
0.18024,2609.687,4480170.2,253.21
0.18064,2609.886,4480475.1,253.22
0.18104,2610.085,4480780.2,253.23
0.18144,2610.283,4481085.3,253.24
0.18185,2610.482,4481390.6,253.25
0.18225,2610.681,4481696.0,253.26
0.18265,2610.880,4482001.5,253.28
0.18305,2611.079,4482307.2,253.29
0.18346,2611.278,4482613.0,253.30
0.18386,2611.478,4482918.9,253.31
0.18427,2611.677,4483224.9,253.32
0.18467,2611.876,4483531.1,253.33
0.18507,2612.076,4483837.3,253.34
0.18548,2612.275,4484143.7,253.35
0.18588,2612.475,4484450.3,253.37
0.18629,2612.675,4484756.9,253.38
0.18669,2612.874,4485063.7,253.39
0.18710,2613.074,4485370.6,253.40
0.18751,2613.274,4485677.7,253.41
0.18791,2613.474,4485984.8,253.42
0.18832,2613.675,4486292.1,253.43
0.18872,2613.875,4486599.6,253.45
0.18913,2614.075,4486907.1,253.46
0.18954,2614.275,4487214.8,253.47
0.18995,2614.476,4487522.6,253.48
0.19035,2614.676,4487830.5,253.49
0.19076,2614.877,4488138.6,253.50
0.19117,2615.078,4488446.7,253.51
0.19158,2615.279,4488755.1,253.52
0.19198,2615.479,4489063.5,253.54
0.19239,2615.680,4489372.1,253.55
0.19280,2615.881,4489680.8,253.56
0.19321,2616.083,4489989.6,253.57
0.19362,2616.284,4490298.5,253.58
0.19403,2616.485,4490607.6,253.59
0.19444,2616.686,4490916.8,253.60
0.19485,2616.888,4491226.2,253.62
0.19526,2617.089,4491535.6,253.63
0.19567,2617.291,4491845.2,253.64
0.19608,2617.493,4492154.9,253.65
0.19649,2617.695,4492464.8,253.66
0.19690,2617.896,4492774.7,253.67
0.19731,2618.098,4493084.8,253.68
0.19772,2618.300,4493395.1,253.70
0.19813,2618.503,4493705.3,253.71
0.19854,2618.704,4494015.4,253.72
0.19896,2618.906,4494325.5,253.73
0.19937,2619.108,4494635.5,253.74
0.19978,2619.310,4494945.5,253.75
0.20019,2619.512,4495255.6,253.76
0.20061,2619.714,4495565.6,253.78
0.20102,2619.916,4495875.7,253.79
0.20143,2620.118,4496185.8,253.80
0.20185,2620.320,4496496.0,253.81
0.20226,2620.522,4496806.2,253.82
0.20267,2620.724,4497116.5,253.83
0.20309,2620.926,4497426.9,253.84
0.20350,2621.129,4497737.4,253.86
0.20392,2621.331,4498047.9,253.87
0.20433,2621.533,4498358.6,253.88
0.20475,2621.735,4498669.3,253.89
0.20516,2621.938,4498980.2,253.90
0.20558,2622.140,4499291.1,253.91
0.20599,2622.343,4499602.2,253.93
0.20641,2622.546,4499913.4,253.94
0.20683,2622.748,4500224.7,253.95
0.20724,2622.951,4500536.1,253.96
0.20766,2623.154,4500847.6,253.97
0.20808,2623.357,4501159.2,253.98
0.20849,2623.560,4501471.0,253.99
0.20891,2623.763,4501782.9,254.01
0.20933,2623.966,4502094.9,254.02
0.20975,2624.170,4502407.0,254.03
0.21016,2624.373,4502719.2,254.04
0.21058,2624.577,4503031.6,254.05
0.21100,2624.780,4503344.1,254.06
0.21142,2624.984,4503656.7,254.07
0.21184,2625.187,4503969.4,254.09
0.21226,2625.391,4504282.3,254.10
0.21268,2625.595,4504595.3,254.11
0.21310,2625.799,4504908.4,254.12
0.21352,2626.003,4505221.6,254.13
0.21394,2626.207,4505535.0,254.14
0.21436,2626.411,4505848.5,254.16
0.21478,2626.615,4506162.1,254.17
0.21520,2626.820,4506475.9,254.18
0.21562,2627.024,4506789.7,254.19
0.21604,2627.229,4507103.8,254.20
0.21646,2627.433,4507417.9,254.21
0.21688,2627.638,4507732.1,254.23
0.21731,2627.843,4508046.5,254.24
0.21773,2628.047,4508361.1,254.25
0.21815,2628.252,4508675.7,254.26
0.21857,2628.457,4508990.5,254.27
0.21900,2628.662,4509305.4,254.28
0.21942,2628.868,4509620.4,254.29
0.21984,2629.073,4509935.5,254.31
0.22027,2629.278,4510250.8,254.32
0.22069,2629.484,4510566.2,254.33
0.22111,2629.689,4510881.8,254.34
0.22154,2629.895,4511197.5,254.35
0.22196,2630.100,4511513.3,254.36
0.22239,2630.306,4511829.2,254.38
0.22281,2630.512,4512145.2,254.39
0.22324,2630.718,4512461.4,254.40
0.22366,2630.924,4512777.7,254.41
0.22409,2631.130,4513094.2,254.42
0.22452,2631.336,4513410.7,254.43
0.22494,2631.542,4513727.4,254.45
0.22537,2631.749,4514044.3,254.46
0.22579,2631.955,4514361.2,254.47
0.22622,2632.162,4514678.0,254.48
0.22665,2632.368,4514994.7,254.49
0.22708,2632.574,4515311.4,254.50
0.22750,2632.780,4515628.1,254.52
0.22793,2632.987,4515944.7,254.53
0.22836,2633.193,4516261.4,254.54
0.22879,2633.399,4516578.1,254.55
0.22922,2633.605,4516894.8,254.56
0.22964,2633.812,4517211.6,254.57
0.23007,2634.018,4517528.4,254.59
0.23050,2634.224,4517845.3,254.60
0.23093,2634.431,4518162.2,254.61
0.23136,2634.637,4518479.3,254.62
0.23179,2634.844,4518796.4,254.63
0.23222,2635.050,4519113.6,254.64
0.23265,2635.257,4519430.9,254.66
0.23308,2635.464,4519748.4,254.67
0.23351,2635.671,4520065.9,254.68
0.23394,2635.877,4520383.5,254.69
0.23438,2636.084,4520701.2,254.70
0.23481,2636.291,4521019.1,254.71
0.23524,2636.498,4521337.0,254.73
0.23567,2636.706,4521655.1,254.74
0.23610,2636.913,4521973.3,254.75
0.23654,2637.120,4522291.6,254.76
0.23697,2637.327,4522610.0,254.77
0.23740,2637.535,4522928.6,254.79
0.23783,2637.742,4523247.3,254.80
0.23827,2637.950,4523566.1,254.81
0.23870,2638.158,4523885.0,254.82
0.23914,2638.366,4524204.0,254.83
0.23957,2638.573,4524523.2,254.84
0.24000,2638.781,4524842.5,254.86
0.24044,2638.989,4525161.9,254.87
0.24087,2639.198,4525481.4,254.88
0.24131,2639.406,4525801.1,254.89
0.24174,2639.614,4526120.9,254.90
0.24218,2639.822,4526440.8,254.91
0.24262,2640.031,4526760.9,254.93
0.24305,2640.239,4527081.0,254.94
0.24349,2640.448,4527401.3,254.95
0.24392,2640.657,4527721.8,254.96
0.24436,2640.865,4528042.3,254.97
0.24480,2641.074,4528363.0,254.99
0.24524,2641.283,4528683.8,255.00
0.24567,2641.492,4529004.8,255.01
0.24611,2641.701,4529325.8,255.02
0.24655,2641.910,4529647.0,255.03
0.24699,2642.120,4529968.4,255.04
0.24742,2642.329,4530289.8,255.06
0.24786,2642.539,4530611.4,255.07
0.24830,2642.748,4530933.1,255.08
0.24874,2642.958,4531254.9,255.09
0.24918,2643.167,4531576.9,255.10
0.24962,2643.377,4531899.0,255.12
0.25006,2643.587,4532221.2,255.13
0.25050,2643.797,4532543.6,255.14
0.25094,2644.007,4532866.1,255.15
0.25138,2644.217,4533188.7,255.16
0.25182,2644.427,4533511.4,255.18
0.25226,2644.638,4533834.3,255.19
0.25270,2644.848,4534157.3,255.20
0.25315,2645.058,4534480.4,255.21
0.25359,2645.269,4534803.6,255.22
0.25403,2645.479,4535126.8,255.23
0.25447,2645.690,4535449.8,255.25
0.25492,2645.900,4535772.8,255.26
0.25536,2646.110,4536095.7,255.27
0.25580,2646.321,4536418.7,255.28
0.25624,2646.531,4536741.6,255.29
0.25669,2646.741,4537064.6,255.31
0.25713,2646.952,4537387.6,255.32
0.25758,2647.162,4537710.6,255.33
0.25802,2647.373,4538033.7,255.34
0.25846,2647.583,4538356.9,255.35
0.25891,2647.794,4538680.1,255.37
0.25935,2648.004,4539003.4,255.38
0.25980,2648.215,4539326.8,255.39
0.26024,2648.425,4539650.3,255.40
0.26069,2648.636,4539973.9,255.41
0.26114,2648.847,4540297.6,255.42
0.26158,2649.058,4540621.4,255.44
0.26203,2649.269,4540945.2,255.45
0.26248,2649.480,4541269.2,255.46
0.26292,2649.691,4541593.3,255.47
0.26337,2649.902,4541917.6,255.48
0.26382,2650.113,4542241.9,255.50
0.26427,2650.325,4542566.3,255.51
0.26471,2650.536,4542890.9,255.52
0.26516,2650.747,4543215.6,255.53
0.26561,2650.959,4543540.4,255.54
0.26606,2651.171,4543865.3,255.56
0.26651,2651.382,4544190.4,255.57
0.26696,2651.594,4544515.6,255.58
0.26741,2651.806,4544840.9,255.59
0.26786,2652.018,4545166.3,255.60
0.26831,2652.230,4545491.8,255.62
0.26876,2652.442,4545817.5,255.63
0.26921,2652.654,4546143.3,255.64
0.26966,2652.866,4546469.3,255.65
0.27011,2653.079,4546795.3,255.66
0.27056,2653.291,4547121.5,255.68
0.27101,2653.504,4547447.8,255.69
0.27146,2653.716,4547774.2,255.70
0.27191,2653.929,4548100.8,255.71
0.27237,2654.142,4548427.5,255.72
0.27282,2654.355,4548754.3,255.74
0.27327,2654.567,4549081.2,255.75
0.27372,2654.781,4549408.3,255.76
0.27418,2654.994,4549735.5,255.77
0.27463,2655.207,4550062.8,255.78
0.27508,2655.420,4550390.3,255.80
0.27554,2655.633,4550717.9,255.81
0.27599,2655.847,4551045.6,255.82
0.27645,2656.060,4551373.4,255.83
0.27690,2656.274,4551701.4,255.84
0.27736,2656.488,4552029.5,255.86
0.27781,2656.701,4552357.7,255.87
0.27827,2656.915,4552686.0,255.88
0.27872,2657.129,4553014.5,255.89
0.27918,2657.343,4553343.1,255.90
0.27963,2657.557,4553671.9,255.92
0.28009,2657.771,4554000.7,255.93
0.28055,2657.986,4554329.7,255.94
0.28100,2658.200,4554658.9,255.95
0.28146,2658.414,4554988.0,255.96
0.28192,2658.629,4555317.1,255.98
0.28238,2658.843,4555646.0,255.99
0.28283,2659.057,4555975.0,256.00
0.28329,2659.271,4556303.8,256.01
0.28375,2659.486,4556632.7,256.03
0.28421,2659.700,4556961.5,256.04
0.28467,2659.914,4557290.4,256.05
0.28513,2660.128,4557619.3,256.06
0.28559,2660.342,4557948.2,256.07
0.28605,2660.557,4558277.2,256.09
0.28651,2660.771,4558606.2,256.10
0.28697,2660.985,4558935.4,256.11
0.28743,2661.200,4559264.6,256.12
0.28789,2661.414,4559593.8,256.13
0.28835,2661.629,4559923.2,256.15
0.28881,2661.843,4560252.7,256.16
0.28927,2662.058,4560582.2,256.17
0.28973,2662.272,4560911.9,256.18
0.29020,2662.487,4561241.6,256.19
0.29066,2662.702,4561571.5,256.21
0.29112,2662.917,4561901.5,256.22
0.29158,2663.132,4562231.6,256.23
0.29205,2663.347,4562561.8,256.24
0.29251,2663.562,4562892.1,256.25
0.29297,2663.777,4563222.5,256.27
0.29344,2663.993,4563553.1,256.28
0.29390,2664.208,4563883.8,256.29
0.29436,2664.423,4564214.6,256.30
0.29483,2664.639,4564545.5,256.32
0.29529,2664.855,4564876.5,256.33
0.29576,2665.070,4565207.7,256.34
0.29622,2665.286,4565539.0,256.35
0.29669,2665.502,4565870.4,256.36
0.29716,2665.718,4566201.9,256.38
0.29762,2665.934,4566533.6,256.39
0.29809,2666.150,4566865.4,256.40
0.29855,2666.366,4567197.3,256.41
0.29902,2666.582,4567529.3,256.43
0.29949,2666.799,4567861.5,256.44
0.29996,2667.015,4568193.8,256.45
0.30042,2667.232,4568526.2,256.46
0.30089,2667.448,4568858.7,256.47
0.30136,2667.665,4569191.4,256.49
0.30183,2667.881,4569524.2,256.50
0.30230,2668.098,4569857.1,256.51
0.30277,2668.315,4570190.2,256.52
0.30323,2668.532,4570523.4,256.54
0.30370,2668.749,4570856.7,256.55
0.30417,2668.966,4571190.1,256.56
0.30464,2669.184,4571523.7,256.57
0.30511,2669.401,4571857.4,256.58
0.30558,2669.618,4572191.2,256.60
0.30606,2669.836,4572525.1,256.61
0.30653,2670.053,4572859.2,256.62
0.30700,2670.271,4573193.4,256.63
0.30747,2670.489,4573527.7,256.65
0.30794,2670.707,4573862.2,256.66
0.30841,2670.925,4574196.8,256.67
0.30889,2671.143,4574531.5,256.68
0.30936,2671.361,4574866.1,256.69
0.30983,2671.578,4575200.7,256.71
0.31030,2671.796,4575535.1,256.72
0.31078,2672.014,4575869.5,256.73
0.31125,2672.232,4576203.9,256.74
0.31172,2672.450,4576538.2,256.76
0.31220,2672.667,4576872.6,256.77
0.31267,2672.885,4577206.9,256.78
0.31315,2673.103,4577541.3,256.79
0.31362,2673.321,4577875.7,256.80
0.31410,2673.538,4578210.1,256.82
0.31457,2673.756,4578544.7,256.83
0.31505,2673.974,4578879.3,256.84
0.31553,2674.192,4579213.9,256.85
0.31600,2674.410,4579548.7,256.87
0.31648,2674.628,4579883.5,256.88
0.31695,2674.846,4580218.4,256.89
0.31743,2675.065,4580553.5,256.90
0.31791,2675.283,4580888.6,256.92
0.31839,2675.501,4581223.8,256.93
0.31886,2675.720,4581559.1,256.94
0.31934,2675.938,4581894.6,256.95
0.31982,2676.157,4582230.1,256.96
0.32030,2676.375,4582565.8,256.98
0.32078,2676.594,4582901.6,256.99
0.32126,2676.813,4583237.5,257.00
0.32174,2677.031,4583573.5,257.01
0.32222,2677.250,4583909.6,257.03
0.32270,2677.469,4584245.9,257.04
0.32318,2677.688,4584582.2,257.05
0.32366,2677.908,4584918.7,257.06
0.32414,2678.127,4585255.4,257.08
0.32462,2678.346,4585592.1,257.09
0.32510,2678.566,4585929.0,257.10
0.32558,2678.785,4586265.9,257.11
0.32606,2679.005,4586603.1,257.12
0.32655,2679.224,4586940.3,257.14
0.32703,2679.444,4587277.7,257.15
0.32751,2679.664,4587615.1,257.16
0.32799,2679.884,4587952.7,257.17
0.32848,2680.104,4588290.5,257.19
0.32896,2680.324,4588628.3,257.20
0.32944,2680.544,4588966.3,257.21
0.32993,2680.764,4589304.4,257.22
0.33041,2680.984,4589642.7,257.24
0.33090,2681.205,4589981.0,257.25
0.33138,2681.425,4590319.5,257.26
0.33187,2681.646,4590658.2,257.27
0.33235,2681.866,4590996.9,257.29
0.33284,2682.087,4591335.8,257.30
0.33332,2682.308,4591674.8,257.31
0.33381,2682.528,4592013.9,257.32
0.33430,2682.749,4592353.1,257.34
0.33478,2682.970,4592692.5,257.35
0.33527,2683.192,4593032.0,257.36
0.33576,2683.413,4593371.6,257.37
0.33625,2683.634,4593711.4,257.39
0.33673,2683.855,4594051.2,257.40
0.33722,2684.077,4594391.0,257.41
0.33771,2684.298,4594730.6,257.42
0.33820,2684.519,4595070.2,257.44
0.33869,2684.740,4595409.6,257.45
0.33918,2684.961,4595749.1,257.46
0.33967,2685.182,4596088.5,257.47
0.34015,2685.403,4596427.9,257.48
0.34064,2685.624,4596767.4,257.50
0.34113,2685.845,4597106.8,257.51
0.34163,2686.066,4597446.3,257.52
0.34212,2686.288,4597785.9,257.53
0.34261,2686.509,4598125.5,257.55
0.34310,2686.730,4598465.2,257.56
0.34359,2686.951,4598804.9,257.57
0.34408,2687.173,4599144.8,257.58
0.34457,2687.394,4599484.7,257.60
0.34507,2687.615,4599824.7,257.61
0.34556,2687.837,4600164.8,257.62
0.34605,2688.059,4600505.0,257.63
0.34655,2688.280,4600845.4,257.65
0.34704,2688.502,4601185.8,257.66
0.34753,2688.724,4601526.3,257.67
0.34803,2688.946,4601866.9,257.68
0.34852,2689.167,4602207.7,257.70
0.34902,2689.389,4602548.6,257.71
0.34951,2689.612,4602889.5,257.72
0.35001,2689.834,4603230.6,257.73
0.35050,2690.056,4603571.8,257.75
0.35100,2690.278,4603913.2,257.76
0.35149,2690.501,4604254.6,257.77
0.35199,2690.723,4604596.2,257.78
0.35249,2690.946,4604937.9,257.80
0.35298,2691.168,4605279.7,257.81
0.35348,2691.391,4605621.6,257.82
0.35398,2691.614,4605963.7,257.83
0.35447,2691.836,4606305.9,257.85
0.35497,2692.059,4606648.2,257.86
0.35547,2692.282,4606990.6,257.87
0.35597,2692.506,4607333.2,257.88
0.35647,2692.729,4607675.8,257.90
0.35697,2692.952,4608018.6,257.91
0.35747,2693.175,4608361.6,257.92
0.35797,2693.399,4608704.6,257.93
0.35847,2693.622,4609047.8,257.95
0.35897,2693.846,4609391.1,257.96
0.35947,2694.069,4609734.5,257.97
0.35997,2694.293,4610078.0,257.98
0.36047,2694.517,4610421.7,258.00
0.36097,2694.741,4610765.5,258.01
0.36147,2694.965,4611109.4,258.02
0.36197,2695.189,4611453.4,258.03
0.36247,2695.413,4611797.6,258.05
0.36298,2695.637,4612141.9,258.06
0.36348,2695.862,4612486.3,258.07
0.36398,2696.086,4612830.9,258.09
0.36449,2696.310,4613175.5,258.10
0.36499,2696.535,4613519.9,258.11
0.36549,2696.759,4613864.3,258.12
0.36600,2696.983,4614208.5,258.14
0.36650,2697.207,4614552.7,258.15
0.36701,2697.432,4614896.8,258.16
0.36751,2697.656,4615241.0,258.17
0.36802,2697.880,4615585.1,258.19
0.36852,2698.104,4615929.2,258.20
0.36903,2698.328,4616273.4,258.21
0.36953,2698.552,4616617.6,258.22
0.37004,2698.776,4616961.8,258.24
0.37055,2699.001,4617306.1,258.25
0.37105,2699.225,4617650.5,258.26
0.37156,2699.449,4617994.9,258.27
0.37207,2699.674,4618339.4,258.29
0.37258,2699.898,4618684.0,258.30
0.37308,2700.123,4619028.7,258.31
0.37359,2700.347,4619373.5,258.32
0.37410,2700.572,4619718.4,258.34
0.37461,2700.796,4620063.3,258.35
0.37512,2701.021,4620408.4,258.36
0.37563,2701.246,4620753.6,258.37
0.37614,2701.471,4621098.9,258.39
0.37665,2701.696,4621444.3,258.40
0.37716,2701.921,4621789.8,258.41
0.37767,2702.146,4622135.5,258.43
0.37818,2702.371,4622481.2,258.44
0.37869,2702.596,4622827.1,258.45
0.37920,2702.822,4623173.1,258.46
0.37971,2703.047,4623519.2,258.48
0.38023,2703.273,4623865.4,258.49
0.38074,2703.498,4624211.7,258.50
0.38125,2703.724,4624558.2,258.51
0.38176,2703.949,4624904.7,258.53
0.38228,2704.175,4625251.4,258.54
0.38279,2704.401,4625598.2,258.55
0.38331,2704.627,4625945.2,258.56
0.38382,2704.853,4626292.2,258.58
0.38433,2705.079,4626639.4,258.59
0.38485,2705.305,4626986.7,258.60
0.38536,2705.532,4627334.1,258.62
0.38588,2705.758,4627681.7,258.63
0.38639,2705.984,4628029.3,258.64
0.38691,2706.211,4628377.1,258.65
0.38743,2706.438,4628725.0,258.67
0.38794,2706.664,4629073.0,258.68
0.38846,2706.891,4629421.2,258.69
0.38898,2707.118,4629769.5,258.70
0.38949,2707.345,4630117.9,258.72
0.39001,2707.572,4630466.4,258.73
0.39053,2707.799,4630815.0,258.74
0.39105,2708.026,4631163.8,258.76
0.39156,2708.253,4631512.7,258.77
0.39208,2708.480,4631861.7,258.78
0.39260,2708.707,4632210.5,258.79
0.39312,2708.935,4632559.1,258.81
0.39364,2709.162,4632907.7,258.82
0.39416,2709.389,4633256.2,258.83
0.39468,2709.615,4633604.6,258.84
0.39520,2709.842,4633953.0,258.86
0.39572,2710.069,4634301.4,258.87
0.39624,2710.296,4634649.8,258.88
0.39676,2710.523,4634998.3,258.89
0.39729,2710.750,4635346.7,258.91
0.39781,2710.977,4635695.2,258.92
0.39833,2711.204,4636043.8,258.93
0.39885,2711.431,4636392.4,258.95
0.39938,2711.658,4636741.1,258.96
0.39990,2711.885,4637089.8,258.97
0.40042,2712.112,4637438.6,258.98
0.40095,2712.340,4637787.6,259.00
0.40147,2712.567,4638136.6,259.01
0.40199,2712.794,4638485.7,259.02
0.40252,2713.022,4638834.9,259.03
0.40304,2713.249,4639184.2,259.05
0.40357,2713.477,4639533.6,259.06
0.40409,2713.704,4639883.1,259.07
0.40462,2713.932,4640232.7,259.09
0.40515,2714.160,4640582.4,259.10
0.40567,2714.388,4640932.3,259.11
0.40620,2714.616,4641282.2,259.12
0.40673,2714.844,4641632.3,259.14
0.40725,2715.072,4641982.4,259.15
0.40778,2715.300,4642332.7,259.16
0.40831,2715.528,4642683.1,259.18
0.40884,2715.756,4643033.6,259.19
0.40936,2715.985,4643384.3,259.20
0.40989,2716.213,4643735.0,259.21
0.41042,2716.442,4644085.9,259.23
0.41095,2716.670,4644436.9,259.24
0.41148,2716.899,4644788.0,259.25
0.41201,2717.128,4645139.2,259.27
0.41254,2717.356,4645490.6,259.28
0.41307,2717.585,4645842.0,259.29
0.41360,2717.814,4646193.6,259.30
0.41413,2718.043,4646545.3,259.32
0.41466,2718.273,4646897.2,259.33
0.41520,2718.502,4647249.1,259.34
0.41573,2718.731,4647601.2,259.35
0.41626,2718.960,4647953.3,259.37
0.41679,2719.190,4648305.6,259.38
0.41733,2719.419,4648658.1,259.39
0.41786,2719.649,4649010.6,259.41
0.41839,2719.879,4649363.3,259.42
0.41893,2720.108,4649716.0,259.43
0.41946,2720.338,4650068.9,259.44
0.41999,2720.568,4650421.7,259.46
0.42053,2720.798,4650774.4,259.47
0.42106,2721.027,4651126.9,259.48
0.42160,2721.257,4651479.3,259.50
0.42214,2721.486,4651831.6,259.51
0.42267,2721.716,4652183.9,259.52
0.42321,2721.945,4652536.2,259.53
0.42374,2722.175,4652888.4,259.55
0.42428,2722.404,4653240.7,259.56
0.42482,2722.633,4653593.0,259.57
0.42536,2722.863,4653945.3,259.59
0.42589,2723.092,4654297.6,259.60
0.42643,2723.322,4654650.0,259.61
0.42697,2723.551,4655002.5,259.62
0.42751,2723.781,4655355.1,259.64
0.42805,2724.011,4655707.7,259.65
0.42859,2724.240,4656060.4,259.66
0.42913,2724.470,4656413.2,259.68
0.42967,2724.700,4656766.0,259.69
0.43021,2724.930,4657119.0,259.70
0.43075,2725.160,4657472.0,259.71
0.43129,2725.390,4657825.2,259.73
0.43183,2725.620,4658178.5,259.74
0.43237,2725.850,4658531.8,259.75
0.43291,2726.080,4658885.3,259.77
0.43345,2726.310,4659238.8,259.78
0.43399,2726.541,4659592.5,259.79
0.43454,2726.771,4659946.3,259.80
0.43508,2727.002,4660300.2,259.82
0.43562,2727.232,4660654.2,259.83
0.43617,2727.463,4661008.3,259.84
0.43671,2727.694,4661362.6,259.86
0.43725,2727.924,4661716.9,259.87
0.43780,2728.155,4662071.4,259.88
0.43834,2728.386,4662425.9,259.90
0.43889,2728.617,4662780.6,259.91
0.43943,2728.848,4663135.4,259.92
0.43998,2729.079,4663490.4,259.93
0.44053,2729.311,4663845.4,259.95
0.44107,2729.542,4664200.6,259.96
0.44162,2729.773,4664555.8,259.97
0.44217,2730.005,4664911.2,259.99
0.44271,2730.236,4665266.7,260.00
0.44326,2730.468,4665622.3,260.01
0.44381,2730.699,4665978.1,260.02
0.44436,2730.931,4666333.9,260.04
0.44490,2731.163,4666689.9,260.05
0.44545,2731.395,4667046.0,260.06
0.44600,2731.627,4667402.2,260.08
0.44655,2731.859,4667758.5,260.09
0.44710,2732.091,4668114.9,260.10
0.44765,2732.323,4668471.1,260.12
0.44820,2732.555,4668827.2,260.13
0.44875,2732.787,4669183.2,260.14
0.44930,2733.019,4669539.1,260.15
0.44985,2733.250,4669894.8,260.17
0.45041,2733.482,4670250.6,260.18
0.45096,2733.714,4670606.3,260.19
0.45151,2733.945,4670962.0,260.21
0.45206,2734.177,4671317.7,260.22
0.45261,2734.409,4671673.4,260.23
0.45317,2734.640,4672029.2,260.24
0.45372,2734.872,4672384.9,260.26
0.45427,2735.104,4672740.8,260.27
0.45483,2735.336,4673096.7,260.28
0.45538,2735.567,4673452.6,260.30
0.45594,2735.799,4673808.7,260.31
0.45649,2736.031,4674164.8,260.32
0.45705,2736.263,4674521.0,260.34
0.45760,2736.495,4674877.3,260.35
0.45816,2736.727,4675233.6,260.36
0.45872,2736.960,4675590.1,260.37
0.45927,2737.192,4675946.6,260.39
0.45983,2737.424,4676303.3,260.40
0.46039,2737.656,4676660.0,260.41
0.46094,2737.889,4677016.9,260.43
0.46150,2738.121,4677373.8,260.44
0.46206,2738.354,4677730.9,260.45
0.46262,2738.586,4678088.0,260.47
0.46318,2738.819,4678445.3,260.48
0.46374,2739.052,4678802.7,260.49
0.46430,2739.285,4679160.2,260.50
0.46486,2739.518,4679517.8,260.52
0.46542,2739.751,4679875.5,260.53
0.46598,2739.984,4680233.3,260.54
0.46654,2740.217,4680591.2,260.56
0.46710,2740.450,4680949.3,260.57
0.46766,2740.683,4681307.4,260.58
0.46822,2740.916,4681665.7,260.60
0.46878,2741.150,4682024.1,260.61
0.46934,2741.383,4682382.5,260.62
0.46991,2741.617,4682741.1,260.63
0.47047,2741.850,4683099.9,260.65
0.47103,2742.084,4683458.7,260.66
0.47160,2742.318,4683817.6,260.67
0.47216,2742.552,4684176.7,260.69
0.47272,2742.786,4684535.8,260.70
0.47329,2743.020,4684895.1,260.71
0.47385,2743.254,4685254.5,260.73
0.47442,2743.488,4685614.0,260.74
0.47498,2743.722,4685973.4,260.75
0.47555,2743.956,4686332.6,260.77
0.47612,2744.190,4686691.7,260.78
0.47668,2744.424,4687050.7,260.79
0.47725,2744.657,4687409.5,260.80
0.47782,2744.891,4687768.3,260.82
0.47838,2745.125,4688127.1,260.83
0.47895,2745.358,4688485.8,260.84
0.47952,2745.592,4688844.6,260.86
0.48009,2745.825,4689203.3,260.87
0.48066,2746.059,4689562.0,260.88
0.48123,2746.293,4689920.8,260.90
0.48179,2746.527,4690279.7,260.91
0.48236,2746.760,4690638.5,260.92
0.48293,2746.994,4690997.5,260.93
0.48350,2747.228,4691356.5,260.95
0.48408,2747.462,4691715.5,260.96
0.48465,2747.696,4692074.7,260.97
0.48522,2747.930,4692433.9,260.99
0.48579,2748.164,4692793.2,261.00
0.48636,2748.398,4693152.6,261.01
0.48693,2748.632,4693512.1,261.03
0.48751,2748.866,4693871.7,261.04
0.48808,2749.100,4694231.3,261.05
0.48865,2749.334,4694591.1,261.06
0.48923,2749.569,4694951.0,261.08
0.48980,2749.803,4695310.9,261.09
0.49037,2750.038,4695671.0,261.10
0.49095,2750.272,4696031.2,261.12
0.49152,2750.507,4696391.4,261.13
0.49210,2750.742,4696751.8,261.14
0.49267,2750.976,4697112.3,261.16
0.49325,2751.211,4697472.9,261.17
0.49383,2751.446,4697833.6,261.18
0.49440,2751.681,4698194.4,261.20
0.49498,2751.916,4698555.3,261.21
0.49556,2752.151,4698916.3,261.22
0.49613,2752.387,4699277.4,261.24
0.49671,2752.622,4699638.6,261.25
0.49729,2752.857,4700000.0,261.26
0.49787,2753.093,4700361.4,261.27
0.49845,2753.328,4700723.0,261.29
0.49903,2753.564,4701084.7,261.30
0.49961,2753.799,4701446.4,261.31
0.50019,2754.035,4701808.3,261.33
0.50077,2754.271,4702170.3,261.34
0.50135,2754.506,4702532.4,261.35
0.50193,2754.742,4702894.6,261.37
0.50251,2754.978,4703256.7,261.38
0.50309,2755.214,4703618.6,261.39
0.50367,2755.449,4703980.3,261.41
0.50425,2755.685,4704341.9,261.42
0.50484,2755.920,4704703.4,261.43
0.50542,2756.156,4705064.8,261.45
0.50600,2756.391,4705426.1,261.46
0.50658,2756.626,4705787.5,261.47
0.50717,2756.862,4706148.8,261.48
0.50775,2757.097,4706510.1,261.50
0.50834,2757.332,4706871.4,261.51
0.50892,2757.568,4707232.8,261.52
0.50951,2757.803,4707594.2,261.54
0.51009,2758.038,4707955.6,261.55
0.51068,2758.274,4708317.1,261.56
0.51126,2758.509,4708678.7,261.58
0.51185,2758.745,4709040.3,261.59
0.51244,2758.980,4709402.0,261.60
0.51302,2759.216,4709763.7,261.62
0.51361,2759.452,4710125.6,261.63
0.51420,2759.687,4710487.5,261.64
0.51479,2759.923,4710849.5,261.66
0.51538,2760.159,4711211.6,261.67
0.51596,2760.395,4711573.8,261.68
0.51655,2760.631,4711936.0,261.69
0.51714,2760.867,4712298.4,261.71
0.51773,2761.103,4712660.9,261.72
0.51832,2761.339,4713023.4,261.73
0.51891,2761.575,4713386.1,261.75
0.51950,2761.811,4713748.8,261.76
0.52010,2762.048,4714111.7,261.77
0.52069,2762.284,4714474.6,261.79
0.52128,2762.521,4714837.7,261.80
0.52187,2762.757,4715200.8,261.81
0.52246,2762.994,4715564.1,261.83
0.52306,2763.230,4715927.5,261.84
0.52365,2763.467,4716290.9,261.85
0.52424,2763.704,4716654.5,261.87
0.52484,2763.941,4717018.2,261.88
0.52543,2764.178,4717381.9,261.89
0.52603,2764.415,4717745.8,261.91
0.52662,2764.652,4718109.8,261.92
0.52722,2764.889,4718473.9,261.93
0.52781,2765.126,4718838.1,261.95
0.52841,2765.363,4719202.4,261.96
0.52900,2765.600,4719566.8,261.97
0.52960,2765.838,4719931.2,261.98
0.53020,2766.075,4720295.4,262.00
0.53079,2766.312,4720659.5,262.01
0.53139,2766.549,4721023.3,262.02
0.53199,2766.786,4721387.0,262.04
0.53259,2767.023,4721750.7,262.05
0.53319,2767.260,4722114.2,262.06
0.53378,2767.496,4722477.7,262.08
0.53438,2767.733,4722841.2,262.09
0.53498,2767.970,4723204.6,262.10
0.53558,2768.206,4723568.1,262.12
0.53618,2768.443,4723931.5,262.13
0.53678,2768.680,4724295.0,262.14
0.53739,2768.917,4724658.5,262.16
0.53799,2769.153,4725022.0,262.17
0.53859,2769.390,4725385.6,262.18
0.53919,2769.627,4725749.3,262.20
0.53979,2769.864,4726113.0,262.21
0.54040,2770.101,4726476.7,262.22
0.54100,2770.338,4726840.6,262.23
0.54160,2770.575,4727204.5,262.25
0.54221,2770.812,4727568.5,262.26
0.54281,2771.049,4727932.6,262.27
0.54341,2771.286,4728296.7,262.29
0.54402,2771.523,4728661.0,262.30
0.54462,2771.761,4729025.3,262.31
0.54523,2771.998,4729389.7,262.33
0.54584,2772.235,4729754.2,262.34
0.54644,2772.473,4730118.8,262.35
0.54705,2772.710,4730483.5,262.37
0.54766,2772.948,4730848.3,262.38
0.54826,2773.185,4731213.2,262.39
0.54887,2773.423,4731578.2,262.41
0.54948,2773.661,4731943.2,262.42
0.55009,2773.899,4732308.4,262.43
0.55069,2774.137,4732673.7,262.45
0.55130,2774.375,4733039.0,262.46
0.55191,2774.613,4733404.5,262.47
0.55252,2774.851,4733770.1,262.49
0.55313,2775.089,4734135.7,262.50
0.55374,2775.327,4734501.5,262.51
0.55435,2775.565,4734867.3,262.53
0.55497,2775.804,4735233.3,262.54
0.55558,2776.042,4735599.4,262.55
0.55619,2776.281,4735965.5,262.57
0.55680,2776.519,4736331.7,262.58
0.55741,2776.757,4736697.8,262.59
0.55803,2776.996,4737063.6,262.61
0.55864,2777.234,4737429.3,262.62
0.55925,2777.472,4737794.8,262.63
0.55987,2777.710,4738160.2,262.64
0.56048,2777.948,4738525.5,262.66
0.56110,2778.186,4738890.7,262.67
0.56171,2778.424,4739255.9,262.68
0.56233,2778.661,4739621.1,262.70
0.56294,2778.899,4739986.2,262.71
0.56356,2779.137,4740351.4,262.72
0.56417,2779.375,4740716.5,262.74
0.56479,2779.613,4741081.7,262.75
0.56541,2779.850,4741446.9,262.76
0.56602,2780.088,4741812.1,262.78
0.56664,2780.326,4742177.4,262.79
0.56726,2780.564,4742542.8,262.80
0.56788,2780.802,4742908.2,262.82
0.56850,2781.040,4743273.6,262.83
0.56912,2781.278,4743639.2,262.84
0.56974,2781.516,4744004.8,262.86
0.57036,2781.754,4744370.5,262.87
0.57098,2781.993,4744736.2,262.88
0.57160,2782.231,4745102.0,262.90
0.57222,2782.469,4745467.9,262.91
0.57284,2782.708,4745833.9,262.92
0.57346,2782.946,4746200.0,262.94
0.57408,2783.185,4746566.2,262.95
0.57471,2783.423,4746932.4,262.96
0.57533,2783.662,4747298.8,262.98
0.57595,2783.900,4747665.2,262.99
0.57657,2784.139,4748031.7,263.00
0.57720,2784.378,4748398.3,263.02
0.57782,2784.617,4748765.0,263.03
0.57845,2784.855,4749131.8,263.04
0.57907,2785.094,4749498.7,263.06
0.57970,2785.333,4749865.7,263.07
0.58032,2785.572,4750232.8,263.08
0.58095,2785.812,4750599.9,263.10
0.58158,2786.051,4750967.2,263.11
0.58220,2786.290,4751334.5,263.12
0.58283,2786.529,4751702.0,263.13
0.58346,2786.769,4752069.5,263.15
0.58408,2787.008,4752437.1,263.16
0.58471,2787.247,4752804.6,263.17
0.58534,2787.487,4753171.8,263.19
0.58597,2787.726,4753538.8,263.20
0.58660,2787.965,4753905.7,263.21
0.58723,2788.203,4754272.4,263.23
0.58786,2788.442,4754639.0,263.24
0.58849,2788.681,4755005.6,263.25
0.58912,2788.920,4755372.1,263.27
0.58975,2789.158,4755738.5,263.28
0.59038,2789.397,4756104.9,263.29
0.59101,2789.635,4756471.3,263.31
0.59165,2789.874,4756837.7,263.32
0.59228,2790.113,4757204.2,263.33
0.59291,2790.351,4757570.6,263.35
0.59355,2790.590,4757937.1,263.36
0.59418,2790.829,4758303.6,263.37
0.59481,2791.068,4758670.2,263.39
0.59545,2791.306,4759036.8,263.40
0.59608,2791.545,4759403.5,263.41
0.59672,2791.784,4759770.2,263.43
0.59735,2792.023,4760137.0,263.44
0.59799,2792.262,4760503.9,263.45
0.59862,2792.501,4760870.8,263.47
0.59926,2792.740,4761237.8,263.48
0.59990,2792.979,4761604.9,263.49
0.60053,2793.218,4761972.0,263.51
0.60117,2793.457,4762339.2,263.52
0.60181,2793.696,4762706.6,263.53
0.60245,2793.936,4763073.9,263.55
0.60309,2794.175,4763441.4,263.56
0.60373,2794.414,4763809.0,263.57
0.60437,2794.654,4764176.6,263.59
0.60501,2794.893,4764544.3,263.60
0.60565,2795.133,4764912.1,263.61
0.60629,2795.372,4765280.0,263.63
0.60693,2795.612,4765648.0,263.64
0.60757,2795.852,4766016.1,263.65
0.60821,2796.092,4766384.2,263.67
0.60885,2796.331,4766752.5,263.68
0.60950,2796.571,4767120.8,263.69
0.61014,2796.811,4767489.2,263.71
0.61078,2797.051,4767857.7,263.72
0.61142,2797.291,4768226.2,263.73
0.61207,2797.531,4768594.6,263.75
0.61271,2797.771,4768962.8,263.76
0.61336,2798.010,4769330.7,263.77
0.61400,2798.250,4769698.4,263.78
0.61465,2798.489,4770066.0,263.80
0.61529,2798.729,4770433.5,263.81
0.61594,2798.968,4770800.9,263.82
0.61659,2799.207,4771168.2,263.84
0.61723,2799.446,4771535.4,263.85
0.61788,2799.686,4771902.7,263.86
0.61853,2799.925,4772269.9,263.88
0.61918,2800.164,4772637.1,263.89
0.61983,2800.403,4773004.3,263.90
0.62047,2800.642,4773371.5,263.92
0.62112,2800.881,4773738.7,263.93
0.62177,2801.121,4774106.0,263.94
0.62242,2801.360,4774473.3,263.96
0.62307,2801.599,4774840.6,263.97
0.62372,2801.838,4775208.0,263.98
0.62437,2802.078,4775575.5,264.00
0.62503,2802.317,4775943.0,264.01
0.62568,2802.556,4776310.5,264.02
0.62633,2802.796,4776678.2,264.04
0.62698,2803.035,4777045.8,264.05
0.62764,2803.275,4777413.6,264.06
0.62829,2803.514,4777781.4,264.08
0.62894,2803.754,4778149.3,264.09
0.62960,2803.993,4778517.3,264.10
0.63025,2804.233,4778885.3,264.12
0.63091,2804.473,4779253.4,264.13
0.63156,2804.713,4779621.6,264.14
0.63222,2804.953,4779989.9,264.16
0.63287,2805.192,4780358.2,264.17
0.63353,2805.432,4780726.7,264.18
0.63419,2805.672,4781095.2,264.20
0.63484,2805.912,4781463.7,264.21
0.63550,2806.153,4781832.4,264.22
0.63616,2806.393,4782201.1,264.24
0.63682,2806.633,4782569.9,264.25
0.63747,2806.873,4782938.8,264.26
0.63813,2807.113,4783307.8,264.28
0.63879,2807.354,4783676.8,264.29
0.63945,2807.594,4784045.7,264.30
0.64011,2807.834,4784414.2,264.32
0.64077,2808.074,4784782.5,264.33
0.64143,2808.314,4785150.6,264.34
0.64210,2808.553,4785518.6,264.36
0.64276,2808.793,4785886.4,264.37
0.64342,2809.032,4786254.2,264.38
0.64408,2809.272,4786621.8,264.40
0.64474,2809.511,4786989.4,264.41
0.64541,2809.751,4787357.0,264.42
0.64607,2809.990,4787724.5,264.43
0.64674,2810.229,4788092.0,264.45
0.64740,2810.469,4788459.5,264.46
0.64806,2810.708,4788827.0,264.47
0.64873,2810.947,4789194.5,264.49
0.64940,2811.187,4789562.1,264.50
0.65006,2811.426,4789929.6,264.51
0.65073,2811.665,4790297.3,264.53
0.65139,2811.905,4790664.9,264.54
0.65206,2812.144,4791032.6,264.55
0.65273,2812.384,4791400.3,264.57
0.65340,2812.623,4791768.1,264.58
0.65406,2812.863,4792136.0,264.59
0.65473,2813.103,4792503.9,264.61
0.65540,2813.342,4792871.8,264.62
0.65607,2813.582,4793239.9,264.63
0.65674,2813.822,4793608.0,264.65
0.65741,2814.061,4793976.1,264.66
0.65808,2814.301,4794344.3,264.67
0.65875,2814.541,4794712.6,264.69
0.65942,2814.781,4795081.0,264.70
0.66010,2815.021,4795449.4,264.71
0.66077,2815.261,4795817.9,264.73
0.66144,2815.501,4796186.5,264.74
0.66211,2815.741,4796555.1,264.75
0.66279,2815.981,4796923.8,264.77
0.66346,2816.221,4797292.6,264.78
0.66413,2816.462,4797661.5,264.79
0.66481,2816.702,4798030.4,264.81
0.66548,2816.942,4798399.4,264.82
0.66616,2817.183,4798768.4,264.83
0.66684,2817.423,4799137.2,264.85
0.66751,2817.663,4799505.6,264.86
0.66819,2817.903,4799873.9,264.87
0.66886,2818.142,4800241.9,264.89
0.66954,2818.382,4800609.8,264.90
0.67022,2818.621,4800977.6,264.91
0.67090,2818.861,4801345.2,264.93
0.67158,2819.100,4801712.8,264.94
0.67225,2819.339,4802080.3,264.95
0.67293,2819.579,4802447.7,264.97
0.67361,2819.818,4802815.2,264.98
0.67429,2820.057,4803182.5,264.99
0.67497,2820.297,4803549.9,265.00
0.67565,2820.536,4803917.3,265.02
0.67634,2820.775,4804284.7,265.03
0.67702,2821.014,4804652.1,265.04
0.67770,2821.254,4805019.5,265.06
0.67838,2821.493,4805386.9,265.07
0.67906,2821.732,4805754.4,265.08
0.67975,2821.972,4806121.9,265.10
0.68043,2822.211,4806489.5,265.11
0.68111,2822.450,4806857.1,265.12
0.68180,2822.690,4807224.8,265.14
0.68248,2822.929,4807592.5,265.15
0.68317,2823.169,4807960.2,265.16
0.68385,2823.408,4808328.0,265.18
0.68454,2823.648,4808695.9,265.19
0.68523,2823.888,4809063.8,265.20
0.68591,2824.127,4809431.8,265.22
0.68660,2824.367,4809799.8,265.23
0.68729,2824.607,4810167.9,265.24
0.68798,2824.847,4810536.1,265.26
0.68866,2825.086,4810904.3,265.27
0.68935,2825.326,4811272.6,265.28
0.69004,2825.566,4811640.9,265.30
0.69073,2825.806,4812009.3,265.31
0.69142,2826.046,4812377.8,265.32
0.69211,2826.286,4812746.4,265.34
0.69280,2826.526,4813115.0,265.35
0.69349,2826.766,4813483.6,265.36
0.69419,2827.006,4813851.8,265.38
0.69488,2827.246,4814219.8,265.39
0.69557,2827.485,4814587.6,265.40
0.69626,2827.725,4814955.1,265.42
0.69696,2827.964,4815322.5,265.43
0.69765,2828.203,4815689.7,265.44
0.69834,2828.442,4816056.8,265.45
0.69904,2828.681,4816423.8,265.47
0.69973,2828.920,4816790.7,265.48
0.70043,2829.159,4817157.6,265.49
0.70112,2829.398,4817524.4,265.51
0.70182,2829.637,4817891.2,265.52
0.70252,2829.876,4818258.0,265.53
0.70321,2830.114,4818624.7,265.55
0.70391,2830.353,4818991.5,265.56
0.70461,2830.592,4819358.2,265.57
0.70531,2830.831,4819725.0,265.59
0.70600,2831.070,4820091.8,265.60
0.70670,2831.309,4820458.6,265.61
0.70740,2831.548,4820825.5,265.63
0.70810,2831.787,4821192.3,265.64
0.70880,2832.026,4821559.3,265.65
0.70950,2832.265,4821926.2,265.67
0.71020,2832.504,4822293.2,265.68
0.71091,2832.743,4822660.2,265.69
0.71161,2832.982,4823027.3,265.71
0.71231,2833.221,4823394.5,265.72
0.71301,2833.460,4823761.6,265.73
0.71371,2833.699,4824128.9,265.75
0.71442,2833.938,4824496.1,265.76
0.71512,2834.178,4824863.5,265.77
0.71583,2834.417,4825230.9,265.78
0.71653,2834.656,4825598.3,265.80
0.71724,2834.896,4825965.8,265.81
0.71794,2835.135,4826333.3,265.82
0.71865,2835.374,4826700.9,265.84
0.71935,2835.614,4827068.6,265.85
0.72006,2835.853,4827436.3,265.86
0.72077,2836.093,4827804.0,265.88
0.72147,2836.332,4828171.3,265.89
0.72218,2836.571,4828538.3,265.90
0.72289,2836.810,4828905.1,265.92
0.72360,2837.048,4829271.6,265.93
0.72431,2837.287,4829637.9,265.94
0.72502,2837.526,4830004.1,265.96
0.72573,2837.764,4830370.2,265.97
0.72644,2838.002,4830736.1,265.98
0.72715,2838.241,4831102.0,266.00
0.72786,2838.479,4831467.8,266.01
0.72857,2838.717,4831833.5,266.02
0.72928,2838.955,4832199.2,266.03
0.73000,2839.193,4832564.9,266.05
0.73071,2839.431,4832930.5,266.06
0.73142,2839.670,4833296.1,266.07
0.73214,2839.908,4833661.8,266.09
0.73285,2840.146,4834027.4,266.10
0.73357,2840.384,4834393.0,266.11
0.73428,2840.622,4834758.7,266.13
0.73500,2840.860,4835124.3,266.14
0.73571,2841.098,4835490.0,266.15
0.73643,2841.337,4835855.7,266.17
0.73714,2841.575,4836221.5,266.18
0.73786,2841.813,4836587.3,266.19
0.73858,2842.051,4836953.1,266.21
0.73930,2842.290,4837318.9,266.22
0.74002,2842.528,4837684.8,266.23
0.74073,2842.766,4838050.7,266.24
0.74145,2843.004,4838416.7,266.26
0.74217,2843.243,4838782.7,266.27
0.74289,2843.481,4839148.8,266.28
0.74361,2843.720,4839514.9,266.30
0.74433,2843.958,4839881.0,266.31
0.74506,2844.197,4840247.2,266.32
0.74578,2844.435,4840613.4,266.34
0.74650,2844.674,4840979.7,266.35
0.74722,2844.912,4841346.0,266.36
0.74795,2845.151,4841712.3,266.38
0.74867,2845.389,4842078.2,266.39
0.74939,2845.627,4842443.8,266.40
0.75012,2845.865,4842809.1,266.42
0.75084,2846.103,4843174.2,266.43
0.75157,2846.341,4843539.1,266.44
0.75229,2846.578,4843903.8,266.45
0.75302,2846.815,4844268.3,266.47
0.75374,2847.053,4844632.8,266.48
0.75447,2847.290,4844997.1,266.49
0.75520,2847.527,4845361.4,266.51
0.75593,2847.765,4845725.6,266.52
0.75665,2848.002,4846089.7,266.53
0.75738,2848.239,4846453.9,266.55
0.75811,2848.476,4846817.9,266.56
0.75884,2848.713,4847182.0,266.57
0.75957,2848.950,4847546.0,266.59
0.76030,2849.187,4847910.0,266.60
0.76103,2849.424,4848274.1,266.61
0.76176,2849.661,4848638.1,266.62
0.76249,2849.899,4849002.2,266.64
0.76323,2850.136,4849366.2,266.65
0.76396,2850.373,4849730.3,266.66
0.76469,2850.610,4850094.4,266.68
0.76542,2850.847,4850458.5,266.69
0.76616,2851.084,4850822.6,266.70
0.76689,2851.321,4851186.8,266.72
0.76763,2851.559,4851551.0,266.73
0.76836,2851.796,4851915.2,266.74
0.76910,2852.033,4852279.5,266.76
0.76983,2852.270,4852643.8,266.77
0.77057,2852.507,4853008.1,266.78
0.77131,2852.745,4853372.4,266.79
0.77204,2852.982,4853736.8,266.81
0.77278,2853.219,4854101.3,266.82
0.77352,2853.457,4854465.7,266.83
0.77426,2853.694,4854830.2,266.85
0.77500,2853.932,4855194.7,266.86
0.77574,2854.169,4855558.8,266.87
0.77648,2854.406,4855922.6,266.89
0.77722,2854.642,4856286.0,266.90
0.77796,2854.879,4856649.3,266.91
0.77870,2855.115,4857012.2,266.92
0.77944,2855.352,4857375.1,266.94
0.78018,2855.588,4857737.7,266.95
0.78092,2855.824,4858100.2,266.96
0.78167,2856.060,4858462.6,266.98
0.78241,2856.296,4858824.9,266.99
0.78315,2856.532,4859187.1,267.00
0.78390,2856.768,4859549.3,267.02
0.78464,2857.003,4859911.3,267.03
0.78539,2857.239,4860273.4,267.04
0.78613,2857.475,4860635.4,267.05
0.78688,2857.711,4860997.4,267.07
0.78762,2857.946,4861359.4,267.08
0.78837,2858.182,4861721.3,267.09
0.78912,2858.418,4862083.3,267.11
0.78987,2858.654,4862445.2,267.12
0.79061,2858.889,4862807.2,267.13
0.79136,2859.125,4863169.1,267.15
0.79211,2859.361,4863531.1,267.16
0.79286,2859.597,4863893.1,267.17
0.79361,2859.832,4864255.0,267.18
0.79436,2860.068,4864617.0,267.20
0.79511,2860.304,4864979.1,267.21
0.79586,2860.540,4865341.1,267.22
0.79661,2860.775,4865703.2,267.24
0.79737,2861.011,4866065.3,267.25
0.79812,2861.247,4866427.4,267.26
0.79887,2861.483,4866789.5,267.27
0.79963,2861.719,4867151.6,267.29
0.80038,2861.955,4867513.8,267.30
0.80113,2862.191,4867876.0,267.31
0.80189,2862.426,4868238.2,267.33
0.80264,2862.662,4868600.2,267.34
0.80340,2862.898,4868961.7,267.35
0.80415,2863.133,4869322.9,267.37
0.80491,2863.368,4869683.8,267.38
0.80567,2863.603,4870044.5,267.39
0.80643,2863.838,4870404.9,267.40
0.80718,2864.072,4870765.2,267.42
0.80794,2864.307,4871125.3,267.43
0.80870,2864.541,4871485.2,267.44
0.80946,2864.776,4871845.1,267.46
0.81022,2865.010,4872204.8,267.47
0.81098,2865.244,4872564.5,267.48
0.81174,2865.478,4872924.1,267.49
0.81250,2865.712,4873283.6,267.51
0.81326,2865.947,4873643.1,267.52
0.81402,2866.181,4874002.5,267.53
0.81479,2866.415,4874361.9,267.55
0.81555,2866.649,4874721.3,267.56
0.81631,2866.883,4875080.6,267.57
0.81708,2867.117,4875439.9,267.58
0.81784,2867.351,4875799.3,267.60
0.81860,2867.585,4876158.6,267.61
0.81937,2867.819,4876517.9,267.62
0.82014,2868.053,4876877.2,267.64
0.82090,2868.287,4877236.5,267.65
0.82167,2868.521,4877595.8,267.66
0.82243,2868.755,4877955.2,267.67
0.82320,2868.989,4878314.5,267.69
0.82397,2869.223,4878673.8,267.70
0.82474,2869.457,4879033.2,267.71
0.82551,2869.691,4879392.6,267.73
0.82628,2869.925,4879751.9,267.74
0.82704,2870.159,4880111.3,267.75
0.82781,2870.393,4880470.7,267.76
0.82859,2870.627,4880830.2,267.78
0.82936,2870.861,4881189.5,267.79
0.83013,2871.095,4881548.3,267.80
0.83090,2871.329,4881906.9,267.82
0.83167,2871.562,4882265.0,267.83
0.83244,2871.795,4882622.9,267.84
0.83322,2872.028,4882980.6,267.85
0.83399,2872.261,4883338.0,267.87
0.83477,2872.493,4883695.2,267.88
0.83554,2872.726,4884052.3,267.89
0.83631,2872.958,4884409.2,267.90
0.83709,2873.191,4884766.0,267.92
0.83787,2873.423,4885122.7,267.93
0.83864,2873.655,4885479.3,267.94
0.83942,2873.887,4885835.8,267.96
0.84020,2874.120,4886192.3,267.97
0.84097,2874.352,4886548.7,267.98
0.84175,2874.584,4886905.0,267.99
0.84253,2874.816,4887261.3,268.01
0.84331,2875.048,4887617.6,268.02
0.84409,2875.280,4887973.8,268.03
0.84487,2875.512,4888330.1,268.04
0.84565,2875.744,4888686.3,268.06
0.84643,2875.976,4889042.4,268.07
0.84721,2876.208,4889398.6,268.08
0.84800,2876.440,4889754.7,268.10
0.84878,2876.672,4890110.9,268.11
0.84956,2876.904,4890467.0,268.12
0.85034,2877.135,4890823.1,268.13
0.85113,2877.367,4891179.3,268.15
0.85191,2877.599,4891535.4,268.16
0.85270,2877.831,4891891.5,268.17
0.85348,2878.063,4892247.6,268.18
0.85427,2878.295,4892603.7,268.20
0.85505,2878.527,4892959.9,268.21
0.85584,2878.759,4893316.0,268.22
0.85663,2878.991,4893671.9,268.24
0.85742,2879.222,4894027.4,268.25
0.85820,2879.454,4894382.5,268.26
0.85899,2879.685,4894737.2,268.27
0.85978,2879.915,4895091.7,268.29
0.86057,2880.146,4895445.9,268.30
0.86136,2880.377,4895799.8,268.31
0.86215,2880.607,4896153.6,268.32
0.86294,2880.837,4896507.2,268.34
0.86373,2881.068,4896860.6,268.35
0.86452,2881.298,4897214.0,268.36
0.86532,2881.528,4897567.1,268.37
0.86611,2881.758,4897920.2,268.39
0.86690,2881.988,4898273.2,268.40
0.86770,2882.217,4898626.2,268.41
0.86849,2882.447,4898979.0,268.42
0.86928,2882.677,4899331.8,268.44
0.87008,2882.907,4899684.6,268.45
0.87087,2883.136,4900037.3,268.46
0.87167,2883.366,4900389.9,268.48
0.87247,2883.596,4900742.5,268.49
0.87326,2883.825,4901095.1,268.50
0.87406,2884.055,4901447.7,268.51
0.87486,2884.285,4901800.2,268.53
0.87566,2884.514,4902152.7,268.54
0.87646,2884.744,4902505.2,268.55
0.87726,2884.973,4902857.7,268.56
0.87806,2885.203,4903210.1,268.58
0.87886,2885.432,4903562.6,268.59
0.87966,2885.662,4903915.0,268.60
0.88046,2885.891,4904267.4,268.61
0.88126,2886.121,4904619.8,268.63
0.88206,2886.350,4904972.2,268.64
0.88286,2886.580,4905324.6,268.65
0.88367,2886.809,4905676.7,268.66
0.88447,2887.038,4906028.4,268.68
0.88528,2887.267,4906379.7,268.69
0.88608,2887.496,4906730.6,268.70
0.88688,2887.724,4907081.2,268.71
0.88769,2887.952,4907431.6,268.73
0.88850,2888.180,4907781.7,268.74
0.88930,2888.408,4908131.6,268.75
0.89011,2888.636,4908481.3,268.76
0.89092,2888.863,4908830.8,268.78
0.89172,2889.091,4909180.2,268.79
0.89253,2889.318,4909529.4,268.80
0.89334,2889.546,4909878.5,268.81
0.89415,2889.773,4910227.6,268.83
0.89496,2890.000,4910576.5,268.84
0.89577,2890.228,4910925.3,268.85
0.89658,2890.455,4911274.1,268.86
0.89739,2890.682,4911622.8,268.88
0.89821,2890.909,4911971.5,268.89
0.89902,2891.136,4912320.0,268.90
0.89983,2891.363,4912668.6,268.91
0.90064,2891.590,4913017.1,268.93
0.90146,2891.817,4913365.5,268.94
0.90227,2892.044,4913714.0,268.95
0.90309,2892.271,4914062.3,268.96
0.90390,2892.497,4914410.7,268.97
0.90472,2892.724,4914759.0,268.99
0.90553,2892.951,4915107.3,269.00
0.90635,2893.178,4915455.5,269.01
0.90717,2893.405,4915803.8,269.02
0.90798,2893.632,4916152.0,269.04
0.90880,2893.858,4916500.2,269.05
0.90962,2894.085,4916848.3,269.06
0.91044,2894.312,4917196.4,269.07
0.91126,2894.538,4917543.9,269.09
0.91208,2894.764,4917891.1,269.10
0.91290,2894.990,4918237.8,269.11
0.91372,2895.216,4918584.2,269.12
0.91454,2895.441,4918930.3,269.14
0.91536,2895.666,4919276.1,269.15
0.91619,2895.891,4919621.6,269.16
0.91701,2896.116,4919967.0,269.17
0.91783,2896.341,4920312.1,269.18
0.91866,2896.566,4920657.1,269.20
0.91948,2896.790,4921001.9,269.21
0.92031,2897.015,4921346.6,269.22
0.92113,2897.239,4921691.2,269.23
0.92196,2897.463,4922035.7,269.25
0.92278,2897.688,4922380.0,269.26
0.92361,2897.912,4922724.3,269.27
0.92444,2898.136,4923068.5,269.28
0.92527,2898.360,4923412.6,269.30
0.92609,2898.584,4923756.6,269.31
0.92692,2898.808,4924100.6,269.32
0.92775,2899.032,4924444.5,269.33
0.92858,2899.256,4924788.3,269.34
0.92941,2899.480,4925132.1,269.36
0.93024,2899.704,4925475.8,269.37
0.93107,2899.928,4925819.5,269.38
0.93191,2900.152,4926163.2,269.39
0.93274,2900.375,4926506.8,269.41
0.93357,2900.599,4926850.4,269.42
0.93440,2900.823,4927193.9,269.43
0.93524,2901.047,4927537.4,269.44
0.93607,2901.270,4927880.9,269.45
0.93691,2901.494,4928224.3,269.47
0.93774,2901.717,4928567.4,269.48
0.93858,2901.941,4928910.0,269.49
0.93942,2902.163,4929252.2,269.50
0.94025,2902.386,4929594.0,269.52
0.94109,2902.608,4929935.4,269.53
0.94193,2902.830,4930276.5,269.54
0.94277,2903.052,4930617.3,269.55
0.94360,2903.274,4930957.9,269.56
0.94444,2903.496,4931298.2,269.58
0.94528,2903.717,4931638.4,269.59
0.94612,2903.939,4931978.3,269.60
0.94696,2904.160,4932318.1,269.61
0.94781,2904.381,4932657.8,269.62
0.94865,2904.602,4932997.3,269.64
0.94949,2904.823,4933336.7,269.65
0.95033,2905.044,4933675.9,269.66
0.95118,2905.265,4934015.1,269.67
0.95202,2905.486,4934354.2,269.68
0.95286,2905.707,4934693.1,269.70
0.95371,2905.928,4935032.0,269.71
0.95455,2906.148,4935370.9,269.72
0.95540,2906.369,4935709.6,269.73
0.95625,2906.589,4936048.3,269.74
0.95709,2906.810,4936386.9,269.76
0.95794,2907.030,4936725.4,269.77
0.95879,2907.251,4937063.9,269.78
0.95964,2907.471,4937402.4,269.79
0.96049,2907.692,4937740.7,269.80
0.96134,2907.912,4938079.0,269.82
0.96219,2908.132,4938417.3,269.83
0.96304,2908.353,4938755.5,269.84
0.96389,2908.573,4939093.7,269.85
0.96474,2908.793,4939431.5,269.86
0.96559,2909.013,4939768.9,269.88
0.96644,2909.232,4940105.7,269.89
0.96730,2909.451,4940442.2,269.90
0.96815,2909.670,4940778.2,269.91
0.96900,2909.889,4941114.0,269.92
0.96986,2910.107,4941449.4,269.94
0.97071,2910.325,4941784.6,269.95
0.97157,2910.544,4942119.5,269.96
0.97242,2910.762,4942454.2,269.97
0.97328,2910.979,4942788.7,269.98
0.97414,2911.197,4943123.0,270.00
0.97499,2911.415,4943457.2,270.01
0.97585,2911.632,4943791.2,270.02
0.97671,2911.850,4944125.1,270.03
0.97757,2912.067,4944458.8,270.04
0.97843,2912.284,4944792.5,270.05
0.97929,2912.502,4945126.0,270.07
0.98015,2912.719,4945459.4,270.08
0.98101,2912.936,4945792.7,270.09
0.98187,2913.153,4946125.9,270.10
0.98274,2913.370,4946459.1,270.11
0.98360,2913.587,4946792.1,270.13
0.98446,2913.804,4947125.1,270.14
0.98533,2914.020,4947458.0,270.15
0.98619,2914.237,4947790.8,270.16
0.98706,2914.454,4948123.5,270.17
0.98792,2914.670,4948456.2,270.19
0.98879,2914.887,4948788.8,270.20
0.98965,2915.104,4949121.3,270.21
0.99052,2915.320,4949453.8,270.22
0.99139,2915.537,4949786.1,270.23
0.99225,2915.753,4950117.9,270.24
0.99312,2915.968,4950449.2,270.26
0.99399,2916.184,4950780.0,270.27
0.99486,2916.399,4951110.3,270.28
0.99573,2916.614,4951440.4,270.29
0.99660,2916.829,4951770.1,270.30
0.99747,2917.043,4952099.4,270.31
0.99834,2917.258,4952428.6,270.33
0.99922,2917.472,4952757.4,270.34
1.00009,2917.686,4953086.1,270.35
1.00096,2917.900,4953414.5,270.36
1.00184,2918.113,4953742.8,270.37
1.00271,2918.327,4954070.9,270.38
1.00358,2918.541,4954398.8,270.40
1.00446,2918.754,4954726.6,270.41
1.00534,2918.968,4955054.3,270.42
1.00621,2919.181,4955381.8,270.43
1.00709,2919.394,4955709.2,270.44
1.00797,2919.607,4956036.4,270.45
1.00884,2919.820,4956363.6,270.47
1.00972,2920.033,4956690.7,270.48
1.01060,2920.246,4957017.6,270.49
1.01148,2920.459,4957344.5,270.50
1.01236,2920.672,4957671.3,270.51
1.01324,2920.885,4957997.9,270.52
1.01412,2921.097,4958324.5,270.54
1.01500,2921.310,4958651.0,270.55
1.01589,2921.523,4958977.4,270.56
1.01677,2921.735,4959303.8,270.57
1.01765,2921.948,4959630.0,270.58
1.01854,2922.160,4959956.0,270.59
1.01942,2922.372,4960281.4,270.60
1.02030,2922.583,4960606.3,270.62
1.02119,2922.795,4960930.7,270.63
1.02208,2923.006,4961254.6,270.64
1.02296,2923.216,4961578.2,270.65
1.02385,2923.427,4961901.5,270.66
1.02474,2923.637,4962224.4,270.67
1.02562,2923.847,4962547.0,270.68
1.02651,2924.057,4962869.4,270.70
1.02740,2924.267,4963191.5,270.71
1.02829,2924.477,4963513.4,270.72
1.02918,2924.686,4963835.1,270.73
1.03007,2924.896,4964156.7,270.74
1.03096,2925.105,4964478.0,270.75
1.03185,2925.314,4964799.2,270.76
1.03275,2925.523,4965120.2,270.78
1.03364,2925.732,4965441.1,270.79
1.03453,2925.941,4965761.9,270.80
1.03543,2926.150,4966082.5,270.81
1.03632,2926.359,4966403.0,270.82
1.03722,2926.567,4966723.4,270.83
1.03811,2926.776,4967043.6,270.84
1.03901,2926.984,4967363.8,270.86
1.03990,2927.193,4967683.8,270.87
1.04080,2927.401,4968003.7,270.88
1.04170,2927.610,4968323.5,270.89
1.04260,2927.818,4968643.3,270.90
1.04350,2928.026,4968962.9,270.91
1.04439,2928.234,4969282.4,270.92
1.04529,2928.442,4969601.7,270.93
1.04619,2928.650,4969920.4,270.95
1.04710,2928.857,4970238.6,270.96
1.04800,2929.064,4970556.2,270.97
1.04890,2929.270,4970873.4,270.98
1.04980,2929.477,4971190.2,270.99
1.05070,2929.683,4971506.6,271.00
1.05161,2929.888,4971822.6,271.01
1.05251,2930.094,4972138.4,271.02
1.05342,2930.300,4972453.8,271.03
1.05432,2930.505,4972769.1,271.05
1.05523,2930.710,4973084.0,271.06
1.05613,2930.915,4973398.7,271.07
1.05704,2931.120,4973713.3,271.08
1.05795,2931.324,4974027.6,271.09
1.05886,2931.529,4974341.8,271.10
1.05976,2931.734,4974655.7,271.11
1.06067,2931.938,4974969.6,271.12
1.06158,2932.142,4975283.2,271.14
1.06249,2932.346,4975596.7,271.15
1.06340,2932.550,4975910.1,271.16
1.06431,2932.754,4976223.3,271.17
1.06523,2932.958,4976536.4,271.18
1.06614,2933.162,4976849.4,271.19
1.06705,2933.366,4977162.2,271.20
1.06797,2933.570,4977474.9,271.21
1.06888,2933.773,4977787.5,271.22
1.06979,2933.977,4978100.0,271.24
1.07071,2934.180,4978412.3,271.25
1.07162,2934.383,4978724.6,271.26
1.07254,2934.587,4979036.4,271.27
1.07346,2934.789,4979347.7,271.28
1.07437,2934.992,4979658.3,271.29
1.07529,2935.194,4979968.5,271.30
1.07621,2935.395,4980278.2,271.31
1.07713,2935.597,4980587.4,271.32
1.07805,2935.798,4980896.3,271.33
1.07897,2935.999,4981204.9,271.34
1.07989,2936.200,4981513.1,271.36
1.08081,2936.400,4981821.0,271.37
1.08173,2936.600,4982128.7,271.38
1.08265,2936.801,4982436.1,271.39
1.08358,2937.001,4982743.3,271.40
1.08450,2937.201,4983050.2,271.41
1.08543,2937.400,4983356.9,271.42
1.08635,2937.600,4983663.5,271.43
1.08727,2937.800,4983969.9,271.44
1.08820,2937.999,4984276.0,271.45
1.08913,2938.198,4984582.0,271.46
1.09005,2938.398,4984887.9,271.47
1.09098,2938.597,4985193.6,271.49
1.09191,2938.796,4985499.1,271.50
1.09284,2938.994,4985804.5,271.51
1.09377,2939.193,4986109.7,271.52
1.09470,2939.392,4986414.8,271.53
1.09563,2939.591,4986719.8,271.54
1.09656,2939.789,4987024.6,271.55
1.09749,2939.988,4987329.3,271.56
1.09842,2940.186,4987633.9,271.57
1.09935,2940.384,4987938.0,271.58
1.10028,2940.582,4988241.6,271.59
1.10122,2940.779,4988544.5,271.60
1.10215,2940.976,4988846.9,271.61
1.10309,2941.173,4989148.8,271.62
1.10402,2941.369,4989450.2,271.64
1.10496,2941.565,4989751.3,271.65
1.10589,2941.761,4990052.0,271.66
1.10683,2941.956,4990352.3,271.67
1.10777,2942.152,4990652.3,271.68
1.10871,2942.347,4990952.0,271.69
1.10964,2942.542,4991251.4,271.70
1.11058,2942.737,4991550.6,271.71
1.11152,2942.931,4991849.5,271.72
1.11246,2943.126,4992148.3,271.73
1.11340,2943.320,4992446.7,271.74
1.11435,2943.515,4992745.0,271.75
1.11529,2943.709,4993043.1,271.76
1.11623,2943.903,4993341.0,271.77
1.11717,2944.097,4993638.7,271.78
1.11812,2944.290,4993936.3,271.79
1.11906,2944.484,4994233.6,271.80
1.12001,2944.678,4994530.8,271.81
1.12095,2944.871,4994827.9,271.83
1.12190,2945.065,4995124.7,271.84
1.12284,2945.258,4995421.5,271.85
1.12379,2945.451,4995718.0,271.86
1.12474,2945.644,4996014.4,271.87
1.12569,2945.837,4996310.6,271.88
1.12664,2946.029,4996606.3,271.89
1.12759,2946.221,4996901.2,271.90
1.12854,2946.413,4997195.6,271.91
1.12949,2946.605,4997489.4,271.92
1.13044,2946.796,4997782.7,271.93
1.13139,2946.986,4998075.6,271.94
1.13234,2947.177,4998368.0,271.95
1.13329,2947.367,4998660.0,271.96
1.13425,2947.557,4998951.7,271.97
1.13520,2947.747,4999243.1,271.98
1.13616,2947.936,4999534.1,271.99
1.13711,2948.126,4999824.9,272.00
1.13807,2948.315,5000115.4,272.01
1.13902,2948.504,5000405.6,272.02
1.13998,2948.693,5000695.6,272.03
1.14094,2948.881,5000985.4,272.04
1.14190,2949.070,5001274.9,272.05
1.14285,2949.258,5001564.2,272.06
1.14381,2949.447,5001853.3,272.07
1.14477,2949.635,5002142.2,272.08
1.14573,2949.823,5002431.0,272.09
1.14670,2950.011,5002719.5,272.10
1.14766,2950.199,5003007.8,272.11
1.14862,2950.386,5003296.0,272.12
1.14958,2950.574,5003584.0,272.13
1.15055,2950.761,5003871.8,272.14
1.15151,2950.949,5004159.4,272.15
1.15247,2951.136,5004446.9,272.16
1.15344,2951.323,5004733.7,272.17
1.15440,2951.509,5005019.9,272.18
1.15537,2951.695,5005305.5,272.19
1.15634,2951.881,5005590.4,272.20
1.15730,2952.066,5005874.9,272.21
1.15827,2952.251,5006158.8,272.22
1.15924,2952.435,5006442.3,272.23
1.16021,2952.620,5006725.4,272.24
1.16118,2952.804,5007008.2,272.25
1.16215,2952.988,5007290.6,272.26
1.16312,2953.171,5007572.6,272.27
1.16409,2953.355,5007854.4,272.28
1.16507,2953.538,5008135.8,272.29
1.16604,2953.721,5008417.0,272.30
1.16701,2953.904,5008697.9,272.31
1.16799,2954.087,5008978.6,272.32
1.16896,2954.270,5009259.0,272.33
1.16993,2954.452,5009539.2,272.34
1.17091,2954.635,5009819.1,272.35
1.17189,2954.817,5010098.9,272.36
1.17286,2954.999,5010378.4,272.37
1.17384,2955.181,5010657.7,272.38
1.17482,2955.363,5010936.8,272.39
1.17580,2955.544,5011215.8,272.40
1.17678,2955.726,5011494.5,272.41
1.17776,2955.907,5011773.0,272.42
1.17874,2956.088,5012051.3,272.43
1.17972,2956.269,5012329.4,272.44
1.18070,2956.450,5012606.6,272.45
1.18168,2956.630,5012883.2,272.46
1.18266,2956.810,5013159.2,272.47
1.18365,2956.989,5013434.6,272.48
1.18463,2957.168,5013709.4,272.49
1.18562,2957.347,5013983.8,272.50
1.18660,2957.525,5014257.7,272.51
1.18759,2957.703,5014531.2,272.52
1.18857,2957.881,5014804.3,272.53
1.18956,2958.059,5015077.0,272.54
1.19055,2958.236,5015349.4,272.55
1.19154,2958.414,5015621.5,272.56
1.19253,2958.591,5015893.3,272.57
1.19351,2958.767,5016164.8,272.58
1.19450,2958.944,5016435.9,272.59
1.19550,2959.120,5016706.9,272.59
1.19649,2959.297,5016977.6,272.60
1.19748,2959.473,5017248.0,272.61
1.19847,2959.649,5017518.2,272.62
1.19946,2959.825,5017788.1,272.63
1.20046,2960.000,5018057.8,272.64
1.20145,2960.176,5018327.3,272.65
1.20245,2960.351,5018596.6,272.66
1.20344,2960.526,5018865.6,272.67
1.20444,2960.701,5019134.4,272.68
1.20543,2960.876,5019403.1,272.69
1.20643,2961.051,5019671.4,272.70
1.20743,2961.225,5019939.0,272.71
1.20843,2961.399,5020205.8,272.72
1.20943,2961.573,5020472.0,272.73
1.21043,2961.746,5020737.6,272.74
1.21143,2961.918,5021002.6,272.75
1.21243,2962.090,5021267.1,272.75
1.21343,2962.262,5021531.1,272.76
1.21443,2962.434,5021794.6,272.77
1.21543,2962.605,5022057.8,272.78
1.21644,2962.776,5022320.5,272.79
1.21744,2962.947,5022582.9,272.80
1.21845,2963.118,5022844.9,272.81
1.21945,2963.288,5023106.6,272.82
1.22046,2963.459,5023368.0,272.83
1.22146,2963.629,5023629.1,272.84
1.22247,2963.799,5023889.9,272.85
1.22348,2963.968,5024150.4,272.86
1.22449,2964.138,5024410.7,272.87
1.22550,2964.307,5024670.7,272.87
1.22650,2964.476,5024930.4,272.88
1.22751,2964.645,5025189.9,272.89
1.22853,2964.814,5025449.1,272.90
1.22954,2964.983,5025708.1,272.91
1.23055,2965.151,5025966.8,272.92
1.23156,2965.320,5026225.3,272.93
1.23257,2965.488,5026483.6,272.94
1.23359,2965.656,5026741.4,272.95
1.23460,2965.823,5026998.4,272.96
1.23562,2965.990,5027254.7,272.96
1.23663,2966.156,5027510.3,272.97
1.23765,2966.322,5027765.2,272.98
1.23867,2966.488,5028019.6,272.99
1.23968,2966.653,5028273.4,273.00
1.24070,2966.818,5028526.8,273.01
1.24172,2966.983,5028779.6,273.02
1.24274,2967.148,5029032.1,273.03
1.24376,2967.312,5029284.1,273.04
1.24478,2967.476,5029535.8,273.04
1.24580,2967.639,5029787.1,273.05
1.24682,2967.803,5030038.1,273.06
1.24785,2967.966,5030288.7,273.07
1.24887,2968.129,5030539.0,273.08
1.24989,2968.292,5030788.9,273.09
1.25092,2968.454,5031038.6,273.10
1.25194,2968.617,5031288.0,273.11
1.25297,2968.779,5031537.1,273.11
1.25399,2968.941,5031786.0,273.12
1.25502,2969.103,5032034.6,273.13
1.25605,2969.265,5032282.9,273.14
1.25708,2969.426,5032530.9,273.15
1.25810,2969.588,5032778.7,273.16
1.25913,2969.749,5033026.2,273.17
1.26016,2969.910,5033273.3,273.18
1.26119,2970.070,5033519.7,273.18
1.26223,2970.230,5033765.2,273.19
1.26326,2970.390,5034010.0,273.20
1.26429,2970.549,5034254.2,273.21
1.26532,2970.707,5034497.7,273.22
1.26636,2970.865,5034740.7,273.23
1.26739,2971.023,5034983.2,273.23
1.26843,2971.181,5035225.1,273.24
1.26946,2971.338,5035466.6,273.25
1.27050,2971.495,5035707.7,273.26
1.27153,2971.652,5035948.4,273.27
1.27257,2971.808,5036188.6,273.28
1.27361,2971.965,5036428.5,273.29
1.27465,2972.121,5036668.0,273.29
1.27569,2972.276,5036907.2,273.30
1.27673,2972.432,5037146.1,273.31
1.27777,2972.587,5037384.6,273.32
1.27881,2972.742,5037622.8,273.33
1.27985,2972.897,5037860.7,273.34
1.28089,2973.052,5038098.4,273.34
1.28194,2973.207,5038335.7,273.35
1.28298,2973.361,5038572.7,273.36
1.28403,2973.515,5038809.5,273.37
1.28507,2973.669,5039045.9,273.38
1.28612,2973.823,5039282.1,273.39
1.28716,2973.977,5039517.8,273.39
1.28821,2974.130,5039752.6,273.40
1.28926,2974.282,5039986.7,273.41
1.29031,2974.434,5040219.9,273.42
1.29136,2974.585,5040452.6,273.43
1.29241,2974.736,5040684.5,273.43
1.29346,2974.887,5040915.9,273.44
1.29451,2975.037,5041146.8,273.45
1.29556,2975.188,5041377.1,273.46
1.29661,2975.337,5041607.0,273.47
1.29766,2975.487,5041836.4,273.47
1.29872,2975.636,5042065.3,273.48
1.29977,2975.785,5042293.9,273.49
1.30083,2975.933,5042522.0,273.50
1.30188,2976.082,5042749.8,273.51
1.30294,2976.230,5042977.3,273.51
1.30399,2976.378,5043204.3,273.52
1.30505,2976.525,5043431.0,273.53
1.30611,2976.673,5043657.4,273.54
1.30717,2976.820,5043883.5,273.55
1.30823,2976.967,5044109.2,273.55
1.30929,2977.114,5044334.7,273.56
1.31035,2977.260,5044559.8,273.57
1.31141,2977.407,5044784.6,273.58
1.31247,2977.553,5045009.1,273.59
1.31353,2977.699,5045233.3,273.59
1.31460,2977.844,5045456.6,273.60
1.31566,2977.989,5045679.1,273.61
1.31672,2978.134,5045900.7,273.62
1.31779,2978.278,5046121.7,273.62
1.31885,2978.421,5046341.9,273.63
1.31992,2978.564,5046561.5,273.64
1.32099,2978.707,5046780.6,273.65
1.32206,2978.849,5046999.0,273.65
1.32312,2978.991,5047217.0,273.66
1.32419,2979.133,5047434.5,273.67
1.32526,2979.274,5047651.5,273.68
1.32633,2979.415,5047868.0,273.68
1.32740,2979.556,5048084.2,273.69
1.32848,2979.696,5048299.9,273.70
1.32955,2979.836,5048515.2,273.71
1.33062,2979.976,5048730.2,273.71
1.33169,2980.116,5048944.8,273.72
1.33277,2980.256,5049159.0,273.73
1.33384,2980.395,5049372.9,273.74
1.33492,2980.534,5049586.4,273.74
1.33600,2980.673,5049799.6,273.75
1.33707,2980.811,5050012.4,273.76
1.33815,2980.950,5050225.0,273.77
1.33923,2981.088,5050437.2,273.77
1.34031,2981.226,5050649.0,273.78
1.34139,2981.363,5050860.0,273.79
1.34247,2981.500,5051070.0,273.80
1.34355,2981.637,5051279.2,273.80
1.34463,2981.772,5051487.7,273.81
1.34571,2981.908,5051695.4,273.82
1.34679,2982.042,5051902.5,273.82
1.34788,2982.177,5052109.0,273.83
1.34896,2982.311,5052314.9,273.84
1.35005,2982.445,5052520.2,273.85
1.35113,2982.578,5052725.1,273.85
1.35222,2982.711,5052929.4,273.86
1.35331,2982.844,5053133.3,273.87
1.35439,2982.976,5053336.7,273.87
1.35548,2983.109,5053539.7,273.88
1.35657,2983.241,5053742.3,273.89
1.35766,2983.372,5053944.4,273.90
1.35875,2983.504,5054146.2,273.90
1.35984,2983.635,5054347.6,273.91
1.36093,2983.766,5054548.6,273.92
1.36202,2983.896,5054749.2,273.92
1.36312,2984.027,5054949.5,273.93
1.36421,2984.157,5055149.4,273.94
1.36530,2984.287,5055349.0,273.94
1.36640,2984.417,5055548.2,273.95
1.36749,2984.546,5055746.9,273.96
1.36859,2984.675,5055944.6,273.96
1.36969,2984.803,5056141.4,273.97
1.37079,2984.931,5056337.3,273.98
1.37188,2985.058,5056532.5,273.98
1.37298,2985.185,5056727.0,273.99
1.37408,2985.311,5056920.8,274.00
1.37518,2985.437,5057114.0,274.01
1.37628,2985.562,5057306.6,274.01
1.37738,2985.687,5057498.6,274.02
1.37849,2985.812,5057690.1,274.02
1.37959,2985.936,5057881.1,274.03
1.38069,2986.060,5058071.6,274.04
1.38180,2986.184,5058261.7,274.04
1.38290,2986.307,5058451.3,274.05
1.38401,2986.431,5058640.4,274.06
1.38511,2986.554,5058829.2,274.06
1.38622,2986.676,5059017.5,274.07
1.38733,2986.799,5059205.4,274.08
1.38844,2986.921,5059392.9,274.08
1.38955,2987.043,5059580.1,274.09
1.39066,2987.164,5059766.8,274.10
1.39177,2987.286,5059953.2,274.10
1.39288,2987.407,5060139.2,274.11
1.39399,2987.528,5060324.7,274.12
1.39510,2987.648,5060509.3,274.12
1.39621,2987.767,5060692.8,274.13
1.39733,2987.886,5060875.6,274.14
1.39844,2988.005,5061057.5,274.14
1.39956,2988.123,5061238.6,274.15
1.40067,2988.240,5061419.0,274.15
1.40179,2988.357,5061598.8,274.16
1.40291,2988.474,5061777.9,274.17
1.40403,2988.590,5061956.5,274.17
1.40514,2988.706,5062134.5,274.18
1.40626,2988.822,5062311.9,274.18
1.40738,2988.937,5062488.9,274.19
1.40850,2989.052,5062665.3,274.20
1.40963,2989.167,5062841.3,274.20
1.41075,2989.281,5063016.8,274.21
1.41187,2989.395,5063191.8,274.22
1.41299,2989.509,5063366.4,274.22
1.41412,2989.622,5063540.6,274.23
1.41524,2989.735,5063714.3,274.23
1.41637,2989.848,5063887.6,274.24
1.41749,2989.961,5064060.6,274.25
1.41862,2990.073,5064233.1,274.25
1.41975,2990.185,5064405.2,274.26
1.42088,2990.297,5064576.8,274.26
1.42201,2990.408,5064747.3,274.27
1.42313,2990.518,5064916.8,274.27
1.42427,2990.628,5065085.5,274.28
1.42540,2990.737,5065253.3,274.29
1.42653,2990.846,5065420.3,274.29
1.42766,2990.955,5065586.5,274.30
1.42879,2991.062,5065752.1,274.30
1.42993,2991.170,5065917.1,274.31
1.43106,2991.277,5066081.4,274.31
1.43220,2991.383,5066245.1,274.32
1.43333,2991.490,5066408.3,274.33
1.43447,2991.596,5066570.9,274.33
1.43561,2991.701,5066733.0,274.34
1.43674,2991.806,5066894.6,274.34
1.43788,2991.911,5067055.7,274.35
1.43902,2992.016,5067216.3,274.35
1.44016,2992.120,5067376.4,274.36
1.44130,2992.224,5067536.2,274.36
1.44244,2992.328,5067695.4,274.37
1.44359,2992.431,5067854.2,274.38
1.44473,2992.535,5068012.6,274.38
1.44587,2992.637,5068170.6,274.39
1.44702,2992.740,5068328.1,274.39
1.44816,2992.842,5068484.7,274.40
1.44931,2992.943,5068640.3,274.40
1.45045,2993.044,5068794.9,274.41
1.45160,2993.144,5068948.7,274.41
1.45275,2993.244,5069101.5,274.42
1.45390,2993.343,5069253.6,274.42
1.45505,2993.441,5069404.9,274.43
1.45620,2993.539,5069555.6,274.43
1.45735,2993.637,5069705.5,274.44
1.45850,2993.734,5069854.9,274.44
1.45965,2993.831,5070003.6,274.45
1.46080,2993.928,5070151.8,274.45
1.46196,2994.024,5070299.4,274.46
1.46311,2994.120,5070446.5,274.46
1.46427,2994.215,5070593.0,274.47
1.46542,2994.310,5070739.0,274.47
1.46658,2994.405,5070884.6,274.48
1.46773,2994.499,5071029.6,274.48
1.46889,2994.594,5071174.2,274.49
1.47005,2994.687,5071318.3,274.49
1.47121,2994.781,5071462.0,274.50
1.47237,2994.874,5071605.2,274.50
1.47353,2994.967,5071747.9,274.51
1.47469,2995.060,5071889.9,274.51
1.47585,2995.151,5072030.7,274.52
1.47702,2995.243,5072170.5,274.52
1.47818,2995.333,5072309.4,274.53
1.47934,2995.423,5072447.4,274.53
1.48051,2995.512,5072584.5,274.54
1.48167,2995.601,5072720.9,274.54
1.48284,2995.689,5072856.6,274.55
1.48401,2995.777,5072991.5,274.55
1.48517,2995.865,5073125.8,274.56
1.48634,2995.952,5073259.5,274.56
1.48751,2996.038,5073392.5,274.56
1.48868,2996.125,5073525.0,274.57
1.48985,2996.210,5073656.8,274.57
1.49102,2996.296,5073788.2,274.58
1.49220,2996.381,5073919.0,274.58
1.49337,2996.466,5074049.2,274.59
1.49454,2996.551,5074179.0,274.59
1.49572,2996.635,5074308.3,274.60
1.49689,2996.719,5074437.0,274.60
1.49807,2996.802,5074565.3,274.60
1.49924,2996.885,5074693.1,274.61
1.50042,2996.968,5074820.4,274.61
1.50160,2997.051,5074946.8,274.62
1.50278,2997.132,5075072.0,274.62
1.50395,2997.213,5075196.2,274.63
1.50513,2997.293,5075319.5,274.63
1.50632,2997.373,5075441.8,274.63
1.50750,2997.452,5075563.3,274.64
1.50868,2997.531,5075683.9,274.64
1.50986,2997.609,5075803.9,274.65
1.51105,2997.686,5075923.0,274.65
1.51223,2997.764,5076041.5,274.65
1.51341,2997.840,5076159.4,274.66
1.51460,2997.917,5076276.6,274.66
1.51579,2997.993,5076393.2,274.67
1.51697,2998.068,5076509.2,274.67
1.51816,2998.143,5076624.6,274.67
1.51935,2998.218,5076739.5,274.68
1.52054,2998.293,5076853.8,274.68
1.52173,2998.367,5076967.6,274.69
1.52292,2998.440,5077080.8,274.69
1.52411,2998.514,5077193.5,274.69
1.52531,2998.587,5077305.8,274.70
1.52650,2998.660,5077417.5,274.70
1.52769,2998.732,5077528.6,274.70
1.52889,2998.804,5077638.5,274.71
1.53008,2998.874,5077747.3,274.71
1.53128,2998.945,5077855.0,274.72
1.53247,2999.014,5077961.7,274.72
1.53367,2999.083,5078067.6,274.72
1.53487,2999.151,5078172.6,274.73
1.53607,2999.219,5078276.7,274.73
1.53727,2999.287,5078380.1,274.73
1.53847,2999.354,5078482.8,274.74
1.53967,2999.420,5078584.7,274.74
1.54087,2999.486,5078686.0,274.74
1.54208,2999.551,5078786.6,274.75
1.54328,2999.617,5078886.6,274.75
1.54448,2999.681,5078986.0,274.75
1.54569,2999.746,5079084.8,274.76
1.54689,2999.810,5079183.0,274.76
1.54810,2999.873,5079280.6,274.76
1.54931,2999.936,5079377.6,274.77
1.55051,2999.999,5079474.1,274.77
1.55172,3000.062,5079570.1,274.77
1.55293,3000.124,5079665.5,274.78
1.55414,3000.186,5079760.4,274.78
1.55535,3000.247,5079854.1,274.78
1.55656,3000.307,5079946.7,274.78
1.55778,3000.366,5080038.1,274.79
1.55899,3000.425,5080128.5,274.79
1.56020,3000.484,5080218.0,274.79
1.56142,3000.541,5080306.5,274.80
1.56263,3000.598,5080394.2,274.80
1.56385,3000.655,5080481.1,274.80
1.56507,3000.711,5080567.2,274.81
1.56628,3000.767,5080652.6,274.81
1.56750,3000.822,5080737.3,274.81
1.56872,3000.876,5080821.2,274.81
1.56994,3000.931,5080904.5,274.82
1.57116,3000.985,5080987.2,274.82
1.57238,3001.038,5081069.2,274.82
1.57361,3001.091,5081150.7,274.82
1.57483,3001.144,5081231.5,274.83
1.57605,3001.196,5081311.7,274.83
1.57728,3001.248,5081391.4,274.83
1.57850,3001.299,5081470.4,274.84
1.57973,3001.350,5081549.0,274.84
1.58095,3001.401,5081626.9,274.84
1.58218,3001.451,5081703.5,274.84
1.58341,3001.500,5081779.0,274.84
1.58464,3001.549,5081853.4,274.85
1.58587,3001.596,5081926.7,274.85
1.58710,3001.644,5081999.0,274.85
1.58833,3001.690,5082070.4,274.85
1.58956,3001.736,5082140.9,274.86
1.59079,3001.781,5082210.5,274.86
1.59203,3001.826,5082279.4,274.86
1.59326,3001.871,5082347.5,274.86
1.59450,3001.914,5082414.8,274.87
1.59573,3001.958,5082481.5,274.87
1.59697,3002.001,5082547.4,274.87
1.59820,3002.043,5082612.7,274.87
1.59944,3002.085,5082677.4,274.87
1.60068,3002.127,5082741.3,274.88
1.60192,3002.168,5082804.7,274.88
1.60316,3002.209,5082867.4,274.88
1.60440,3002.250,5082929.6,274.88
1.60564,3002.290,5082991.1,274.88
1.60689,3002.329,5083052.1,274.89
1.60813,3002.368,5083112.1,274.89
1.60937,3002.407,5083170.9,274.89
1.61062,3002.444,5083228.5,274.89
1.61186,3002.481,5083284.9,274.89
1.61311,3002.517,5083340.3,274.89
1.61436,3002.553,5083394.7,274.90
1.61561,3002.587,5083448.1,274.90
1.61685,3002.622,5083500.6,274.90
1.61810,3002.655,5083552.3,274.90
1.61935,3002.688,5083603.2,274.90
1.62060,3002.721,5083653.2,274.90
1.62186,3002.753,5083702.5,274.91
1.62311,3002.785,5083751.1,274.91
1.62436,3002.816,5083798.9,274.91
1.62562,3002.847,5083846.1,274.91
1.62687,3002.877,5083892.6,274.91
1.62813,3002.907,5083938.4,274.91
1.62938,3002.936,5083983.6,274.91
1.63064,3002.965,5084028.1,274.92
1.63190,3002.994,5084072.0,274.92
1.63316,3003.022,5084115.2,274.92
1.63442,3003.050,5084157.8,274.92
1.63568,3003.076,5084199.1,274.92
1.63694,3003.102,5084239.1,274.92
1.63820,3003.128,5084277.9,274.92
1.63946,3003.152,5084315.5,274.92
1.64072,3003.176,5084352.1,274.93
1.64199,3003.199,5084387.7,274.93
1.64325,3003.222,5084422.4,274.93
1.64452,3003.244,5084456.1,274.93
1.64579,3003.265,5084489.0,274.93
1.64705,3003.286,5084521.1,274.93
1.64832,3003.306,5084552.3,274.93
1.64959,3003.326,5084582.8,274.93
1.65086,3003.346,5084612.5,274.93
1.65213,3003.365,5084641.5,274.93
1.65340,3003.383,5084669.8,274.93
1.65467,3003.401,5084697.4,274.94
1.65595,3003.418,5084724.3,274.94
1.65722,3003.436,5084750.6,274.94
1.65849,3003.452,5084776.1,274.94
1.65977,3003.468,5084801.0,274.94
1.66104,3003.484,5084825.2,274.94
1.66232,3003.499,5084848.1,274.94
1.66360,3003.513,5084869.7,274.94
1.66488,3003.526,5084890.0,274.94
1.66616,3003.539,5084909.2,274.94
1.66744,3003.551,5084927.3,274.94
1.66872,3003.562,5084944.4,274.94
1.67000,3003.572,5084960.4,274.94
1.67128,3003.582,5084975.6,274.94
1.67256,3003.591,5084989.8,274.94
1.67385,3003.600,5085003.2,274.94
1.67513,3003.608,5085015.8,274.94
1.67642,3003.616,5085027.5,274.94
1.67770,3003.623,5085038.5,274.94
1.67899,3003.630,5085048.7,274.94
1.68028,3003.636,5085058.2,274.94
1.68157,3003.642,5085066.9,274.94
1.68285,3003.647,5085074.9,274.94
1.68414,3003.652,5085082.3,274.94
1.68544,3003.656,5085088.9,274.94
1.68673,3003.660,5085094.8,274.94
1.68802,3003.663,5085100.0,274.94
1.68931,3003.666,5085103.7,274.94
1.69061,3003.667,5085106.0,274.94
1.69190,3003.668,5085107.1,274.94
1.69320,3003.668,5085107.1,274.94
1.69449,3003.667,5085105.9,274.94
1.69579,3003.666,5085103.6,274.94
1.69709,3003.663,5085100.4,274.94
1.69839,3003.661,5085096.2,274.94
1.69969,3003.657,5085091.1,274.94
1.70099,3003.653,5085085.0,274.94
1.70229,3003.649,5085078.2,274.94
1.70359,3003.644,5085070.5,274.94
1.70489,3003.638,5085062.0,274.94
1.70620,3003.632,5085052.7,274.94
1.70750,3003.626,5085042.6,274.94
1.70881,3003.619,5085031.8,274.94
1.71011,3003.611,5085020.2,274.94
1.71142,3003.603,5085007.9,274.94
1.71273,3003.595,5084994.9,274.93
1.71404,3003.586,5084981.2,274.93
1.71535,3003.576,5084966.3,274.93
1.71666,3003.565,5084949.9,274.93
1.71797,3003.554,5084932.2,274.93
1.71928,3003.541,5084913.2,274.93
1.72059,3003.528,5084893.0,274.93
1.72190,3003.514,5084871.8,274.93
1.72322,3003.500,5084849.4,274.93
1.72453,3003.485,5084826.0,274.93
1.72585,3003.469,5084801.7,274.92
1.72717,3003.452,5084776.4,274.92
1.72848,3003.435,5084750.2,274.92
1.72980,3003.418,5084723.1,274.92
1.73112,3003.399,5084695.2,274.92
1.73244,3003.381,5084666.4,274.92
1.73376,3003.362,5084636.9,274.92
1.73508,3003.342,5084606.5,274.92
1.73640,3003.321,5084575.4,274.91
1.73773,3003.301,5084543.5,274.91
1.73905,3003.279,5084510.8,274.91
1.74038,3003.258,5084477.4,274.91
1.74170,3003.235,5084443.0,274.91
1.74303,3003.212,5084407.0,274.91
1.74436,3003.188,5084369.7,274.91
1.74568,3003.162,5084331.0,274.90
1.74701,3003.136,5084291.2,274.90
1.74834,3003.110,5084250.1,274.90
1.74967,3003.082,5084207.9,274.90
1.75100,3003.054,5084164.6,274.90
1.75234,3003.025,5084120.4,274.90
1.75367,3002.996,5084075.1,274.89
1.75500,3002.966,5084028.9,274.89
1.75634,3002.935,5083981.8,274.89
1.75767,3002.904,5083933.8,274.89
1.75901,3002.872,5083885.0,274.89
1.76034,3002.839,5083835.3,274.88
1.76168,3002.807,5083784.7,274.88
1.76302,3002.773,5083733.4,274.88
1.76436,3002.739,5083681.3,274.88
1.76570,3002.705,5083628.3,274.88
1.76704,3002.670,5083574.6,274.87
1.76838,3002.634,5083519.9,274.87
1.76973,3002.597,5083463.6,274.87
1.77107,3002.560,5083405.8,274.87
1.77241,3002.521,5083346.7,274.86
1.77376,3002.482,5083286.4,274.86
1.77511,3002.442,5083224.8,274.86
1.77645,3002.401,5083162.0,274.86
1.77780,3002.359,5083098.2,274.85
1.77915,3002.317,5083033.3,274.85
1.78050,3002.274,5082967.4,274.85
1.78185,3002.231,5082900.5,274.85
1.78320,3002.187,5082832.7,274.84
1.78455,3002.142,5082764.0,274.84
1.78590,3002.096,5082694.3,274.84
1.78726,3002.050,5082623.8,274.84
1.78861,3002.004,5082552.5,274.83
1.78997,3001.957,5082480.3,274.83
1.79132,3001.909,5082407.2,274.83
1.79268,3001.861,5082333.3,274.82
1.79404,3001.813,5082258.7,274.82
1.79540,3001.763,5082182.7,274.82
1.79676,3001.713,5082105.3,274.81
1.79812,3001.661,5082026.3,274.81
1.79948,3001.609,5081946.0,274.81
1.80084,3001.556,5081864.3,274.81
1.80220,3001.502,5081781.5,274.80
1.80357,3001.447,5081697.4,274.80
1.80493,3001.392,5081612.3,274.80
1.80630,3001.336,5081526.0,274.79
1.80766,3001.279,5081438.7,274.79
1.80903,3001.221,5081350.5,274.79
1.81040,3001.163,5081261.2,274.78
1.81176,3001.104,5081171.0,274.78
1.81313,3001.045,5081079.9,274.78
1.81450,3000.985,5080987.9,274.77
1.81588,3000.924,5080894.9,274.77
1.81725,3000.863,5080801.2,274.76
1.81862,3000.802,5080706.5,274.76
1.81999,3000.740,5080611.0,274.76
1.82137,3000.677,5080514.6,274.75
1.82274,3000.613,5080416.6,274.75
1.82412,3000.548,5080317.1,274.75
1.82550,3000.482,5080216.1,274.74
1.82687,3000.416,5080113.7,274.74
1.82825,3000.348,5080010.0,274.73
1.82963,3000.280,5079905.0,274.73
1.83101,3000.211,5079798.9,274.73
1.83240,3000.141,5079691.6,274.72
1.83378,3000.070,5079583.2,274.72
1.83516,2999.999,5079473.8,274.71
1.83654,2999.927,5079363.4,274.71
1.83793,2999.854,5079252.0,274.71
1.83931,2999.781,5079139.6,274.70
1.84070,2999.707,5079026.2,274.70
1.84209,2999.633,5078911.9,274.69
1.84348,2999.558,5078796.7,274.69
1.84487,2999.482,5078680.7,274.68
1.84626,2999.406,5078563.7,274.68
1.84765,2999.329,5078445.8,274.67
1.84904,2999.252,5078326.5,274.67
1.85043,2999.173,5078205.6,274.67
1.85182,2999.093,5078083.2,274.66
1.85322,2999.013,5077959.3,274.66
1.85461,2998.931,5077834.0,274.65
1.85601,2998.849,5077707.4,274.65
1.85740,2998.765,5077579.6,274.64
1.85880,2998.681,5077450.6,274.64
1.86020,2998.597,5077320.5,274.63
1.86160,2998.511,5077189.3,274.63
1.86300,2998.425,5077057.0,274.62
1.86440,2998.338,5076923.7,274.62
1.86580,2998.251,5076789.3,274.61
1.86721,2998.162,5076654.0,274.61
1.86861,2998.074,5076517.7,274.60
1.87001,2997.984,5076380.5,274.60
1.87142,2997.894,5076242.3,274.59
1.87282,2997.804,5076103.2,274.59
1.87423,2997.713,5075963.2,274.58
1.87564,2997.621,5075821.8,274.58
1.87705,2997.527,5075678.8,274.57
1.87846,2997.433,5075534.1,274.56
1.87987,2997.338,5075387.9,274.56
1.88128,2997.242,5075240.4,274.55
1.88269,2997.145,5075091.5,274.55
1.88411,2997.047,5074941.3,274.54
1.88552,2996.948,5074789.9,274.54
1.88693,2996.849,5074637.3,274.53
1.88835,2996.749,5074483.6,274.53
1.88977,2996.648,5074328.8,274.52
1.89118,2996.547,5074172.9,274.51
1.89260,2996.444,5074016.0,274.51
1.89402,2996.342,5073858.0,274.50
1.89544,2996.238,5073699.1,274.50
1.89686,2996.134,5073539.1,274.49
1.89828,2996.029,5073378.2,274.48
1.89971,2995.924,5073216.4,274.48
1.90113,2995.818,5073053.6,274.47
1.90255,2995.711,5072889.3,274.47
1.90398,2995.602,5072723.2,274.46
1.90541,2995.493,5072555.6,274.45
1.90683,2995.383,5072386.4,274.45
1.90826,2995.272,5072215.8,274.44
1.90969,2995.160,5072043.8,274.43
1.91112,2995.047,5071870.5,274.43
1.91255,2994.933,5071696.0,274.42
1.91398,2994.819,5071520.2,274.41
1.91541,2994.704,5071343.3,274.41
1.91685,2994.588,5071165.2,274.40
1.91828,2994.471,5070986.1,274.39
1.91972,2994.354,5070805.9,274.39
1.92115,2994.236,5070624.6,274.38
1.92259,2994.117,5070442.3,274.37
1.92403,2993.998,5070259.0,274.37
1.92546,2993.878,5070074.7,274.36
1.92690,2993.757,5069889.4,274.35
1.92834,2993.636,5069703.1,274.35
1.92979,2993.513,5069514.9,274.34
1.93123,2993.389,5069325.1,274.33
1.93267,2993.265,5069133.6,274.33
1.93411,2993.139,5068940.6,274.32
1.93556,2993.012,5068746.1,274.31
1.93700,2992.885,5068550.3,274.30
1.93845,2992.756,5068353.1,274.30
1.93990,2992.627,5068154.6,274.29
1.94135,2992.497,5067955.0,274.28
1.94280,2992.366,5067754.1,274.27
1.94425,2992.235,5067552.1,274.27
1.94570,2992.102,5067348.9,274.26
1.94715,2991.969,5067144.7,274.25
1.94860,2991.836,5066939.3,274.24
1.95005,2991.701,5066732.9,274.24
1.95151,2991.566,5066525.5,274.23
1.95296,2991.430,5066317.1,274.22
1.95442,2991.294,5066107.6,274.21
1.95588,2991.156,5065896.6,274.21
1.95734,2991.018,5065683.8,274.20
1.95879,2990.878,5065469.4,274.19
1.96025,2990.737,5065253.3,274.18
1.96172,2990.596,5065035.6,274.17
1.96318,2990.453,5064816.6,274.17
1.96464,2990.309,5064596.1,274.16
1.96610,2990.165,5064374.3,274.15
1.96757,2990.020,5064151.2,274.14
1.96903,2989.874,5063926.9,274.13
1.97050,2989.727,5063701.4,274.12
1.97197,2989.579,5063474.7,274.12
1.97343,2989.431,5063246.9,274.11
1.97490,2989.282,5063018.0,274.10
1.97637,2989.132,5062787.9,274.09
1.97784,2988.981,5062556.8,274.08
1.97931,2988.830,5062324.6,274.07
1.98079,2988.678,5062091.4,274.07
1.98226,2988.525,5061856.8,274.06
1.98373,2988.371,5061620.4,274.05
1.98521,2988.216,5061382.2,274.04
1.98668,2988.060,5061142.3,274.03
1.98816,2987.903,5060900.8,274.02
1.98964,2987.745,5060657.8,274.01
1.99112,2987.585,5060413.4,274.00
1.99260,2987.425,5060167.6,273.99
1.99408,2987.264,5059920.5,273.98
1.99556,2987.103,5059672.1,273.98
1.99704,2986.940,5059422.5,273.97
1.99853,2986.777,5059171.6,273.96
2.00001,2986.613,5058919.6,273.95
2.00150,2986.448,5058666.4,273.94
2.00298,2986.282,5058412.1,273.93
2.00447,2986.116,5058156.6,273.92
2.00596,2985.949,5057900.1,273.91
2.00744,2985.781,5057642.5,273.90
2.00893,2985.612,5057383.5,273.89
2.01042,2985.442,5057122.6,273.88
2.01192,2985.271,5056859.9,273.87
2.01341,2985.099,5056595.5,273.86
2.01490,2984.926,5056329.4,273.85
2.01640,2984.751,5056061.8,273.84
2.01789,2984.576,5055792.7,273.83
2.01939,2984.400,5055522.2,273.82
2.02088,2984.223,5055250.4,273.81
2.02238,2984.045,5054977.1,273.80
2.02388,2983.866,5054702.7,273.79
2.02538,2983.687,5054426.9,273.78
2.02688,2983.506,5054150.0,273.77
2.02838,2983.325,5053871.8,273.76
2.02989,2983.143,5053592.5,273.75
2.03139,2982.960,5053312.1,273.74
2.03289,2982.777,5053030.5,273.73
2.03440,2982.593,5052747.8,273.72
2.03590,2982.408,5052463.5,273.71
2.03741,2982.221,5052177.4,273.70
2.03892,2982.034,5051889.3,273.69
2.04043,2981.845,5051599.6,273.68
2.04194,2981.655,5051308.2,273.67
2.04345,2981.465,5051015.2,273.66
2.04496,2981.273,5050720.7,273.65
2.04647,2981.080,5050424.7,273.64
2.04799,2980.886,5050127.3,273.62
2.04950,2980.692,5049828.6,273.61
2.05102,2980.496,5049528.6,273.60
2.05253,2980.300,5049227.3,273.59
2.05405,2980.103,5048924.7,273.58
2.05557,2979.905,5048621.0,273.57
2.05709,2979.707,5048316.0,273.56
2.05861,2979.507,5048009.9,273.55
2.06013,2979.307,5047702.5,273.54
2.06165,2979.106,5047394.0,273.52
2.06317,2978.904,5047083.8,273.51
2.06470,2978.701,5046771.5,273.50
2.06622,2978.496,5046457.4,273.49
2.06775,2978.290,5046141.6,273.48
2.06927,2978.084,5045824.1,273.47
2.07080,2977.876,5045505.0,273.46
2.07233,2977.667,5045184.3,273.44
2.07386,2977.457,5044862.3,273.43
2.07539,2977.247,5044538.7,273.42
2.07692,2977.035,5044213.9,273.41
2.07845,2976.823,5043887.7,273.40
2.07999,2976.609,5043560.1,273.38
2.08152,2976.395,5043231.4,273.37
2.08305,2976.180,5042901.3,273.36
2.08459,2975.964,5042570.1,273.35
2.08613,2975.748,5042237.6,273.34
2.08767,2975.531,5041904.0,273.32
2.08920,2975.312,5041568.9,273.31
2.09074,2975.093,5041231.7,273.30
2.09228,2974.872,5040892.7,273.29
2.09383,2974.650,5040551.8,273.27
2.09537,2974.427,5040209.1,273.26
2.09691,2974.203,5039864.8,273.25
2.09846,2973.977,5039518.9,273.24
2.10000,2973.751,5039171.4,273.22
2.10155,2973.524,5038822.5,273.21
2.10309,2973.296,5038472.1,273.20
2.10464,2973.067,5038120.4,273.18
2.10619,2972.837,5037767.3,273.17
2.10774,2972.606,5037412.9,273.16
2.10929,2972.374,5037057.2,273.15
2.11084,2972.142,5036700.2,273.13
2.11240,2971.908,5036342.0,273.12
2.11395,2971.674,5035982.5,273.11
2.11551,2971.439,5035621.8,273.09
2.11706,2971.203,5035259.1,273.08
2.11862,2970.965,5034894.3,273.07
2.12018,2970.727,5034527.6,273.05
2.12173,2970.487,5034159.1,273.04
2.12329,2970.245,5033788.8,273.03
2.12485,2970.003,5033417.0,273.01
2.12642,2969.760,5033043.5,273.00
2.12798,2969.516,5032668.5,272.99
2.12954,2969.271,5032292.0,272.97
2.13111,2969.024,5031914.0,272.96
2.13267,2968.777,5031534.7,272.94
2.13424,2968.529,5031154.0,272.93
2.13580,2968.281,5030772.0,272.92
2.13737,2968.031,5030388.7,272.90
2.13894,2967.781,5030004.1,272.89
2.14051,2967.529,5029618.2,272.87
2.14208,2967.277,5029231.0,272.86
2.14365,2967.024,5028841.8,272.85
2.14523,2966.769,5028450.6,272.83
2.14680,2966.513,5028057.4,272.82
2.14838,2966.255,5027662.4,272.80
2.14995,2965.997,5027265.5,272.79
2.15153,2965.737,5026867.0,272.77
2.15311,2965.477,5026466.8,272.76
2.15468,2965.215,5026065.1,272.74
2.15626,2964.953,5025661.8,272.73
2.15784,2964.689,5025257.1,272.71
2.15943,2964.424,5024850.9,272.70
2.16101,2964.159,5024443.3,272.68
2.16259,2963.893,5024034.3,272.67
2.16418,2963.625,5023624.0,272.66
2.16576,2963.357,5023212.4,272.64
2.16735,2963.088,5022799.5,272.63
2.16893,2962.819,5022385.2,272.61
2.17052,2962.547,5021968.9,272.59
2.17211,2962.275,5021550.5,272.58
2.17370,2962.001,5021130.1,272.56
2.17529,2961.726,5020707.8,272.55
2.17689,2961.450,5020283.7,272.53
2.17848,2961.173,5019857.8,272.52
2.18007,2960.894,5019430.3,272.50
2.18167,2960.615,5019001.1,272.49
2.18326,2960.334,5018570.4,272.47
2.18486,2960.053,5018138.2,272.45
2.18646,2959.770,5017704.6,272.44
2.18806,2959.487,5017269.4,272.42
2.18966,2959.203,5016832.9,272.41
2.19126,2958.917,5016395.0,272.39
2.19286,2958.631,5015955.8,272.38
2.19446,2958.344,5015515.2,272.36
2.19607,2958.056,5015073.2,272.34
2.19767,2957.767,5014629.0,272.33
2.19928,2957.476,5014182.7,272.31
2.20088,2957.184,5013734.3,272.29
2.20249,2956.891,5013284.1,272.28
2.20410,2956.597,5012831.9,272.26
2.20571,2956.301,5012378.1,272.24
2.20732,2956.004,5011922.5,272.23
2.20893,2955.707,5011465.3,272.21
2.21054,2955.408,5011006.5,272.19
2.21216,2955.108,5010546.2,272.18
2.21377,2954.807,5010084.4,272.16
2.21539,2954.506,5009621.1,272.14
2.21700,2954.203,5009156.4,272.13
2.21862,2953.899,5008690.3,272.11
2.22024,2953.595,5008222.8,272.09
2.22186,2953.290,5007753.9,272.08
2.22348,2952.983,5007283.3,272.06
2.22510,2952.675,5006810.4,272.04
2.22672,2952.366,5006335.4,272.02
2.22835,2952.055,5005858.4,272.01
2.22997,2951.743,5005379.4,271.99
2.23160,2951.430,5004898.6,271.97
2.23322,2951.116,5004416.0,271.95
2.23485,2950.800,5003931.7,271.94
2.23648,2950.484,5003445.8,271.92
2.23811,2950.166,5002958.2,271.90
2.23974,2949.848,5002469.1,271.88
2.24137,2949.528,5001978.5,271.86
2.24300,2949.208,5001486.4,271.85
2.24463,2948.886,5000992.8,271.83
2.24627,2948.564,5000497.8,271.81
2.24790,2948.241,5000001.4,271.79
2.24954,2947.916,4999503.5,271.77
2.25118,2947.591,4999003.5,271.76
2.25281,2947.263,4998501.2,271.74
2.25445,2946.935,4997996.8,271.72
2.25609,2946.605,4997490.3,271.70
2.25773,2946.274,4996982.0,271.68
2.25938,2945.942,4996471.8,271.66
2.26102,2945.608,4995959.8,271.65
2.26266,2945.274,4995446.1,271.63
2.26431,2944.938,4994930.7,271.61
2.26596,2944.601,4994413.8,271.59
2.26760,2944.264,4993895.2,271.57
2.26925,2943.925,4993375.2,271.55
2.27090,2943.585,4992853.6,271.53
2.27255,2943.245,4992330.6,271.51
2.27420,2942.903,4991806.0,271.49
2.27585,2942.561,4991280.1,271.48
2.27751,2942.217,4990752.2,271.46
2.27916,2941.871,4990222.0,271.44
2.28081,2941.525,4989689.6,271.42
2.28247,2941.177,4989155.0,271.40
2.28413,2940.827,4988618.5,271.38
2.28579,2940.477,4988080.1,271.36
2.28745,2940.125,4987539.9,271.34
2.28911,2939.772,4986997.9,271.32
2.29077,2939.418,4986454.1,271.30
2.29243,2939.062,4985908.7,271.28
2.29409,2938.706,4985361.7,271.26
2.29576,2938.349,4984813.1,271.24
2.29742,2937.991,4984263.0,271.22
2.29909,2937.631,4983711.3,271.20
2.30075,2937.271,4983158.2,271.18
2.30242,2936.910,4982603.6,271.16
2.30409,2936.547,4982047.1,271.14
2.30576,2936.183,4981488.3,271.12
2.30743,2935.818,4980927.2,271.10
2.30910,2935.451,4980363.9,271.08
2.31078,2935.083,4979798.6,271.06
2.31245,2934.714,4979231.4,271.04
2.31413,2934.343,4978662.2,271.01
2.31580,2933.971,4978091.3,270.99
2.31748,2933.598,4977518.6,270.97
2.31916,2933.224,4976944.2,270.95
2.32084,2932.849,4976368.1,270.93
2.32252,2932.473,4975790.4,270.91
2.32420,2932.095,4975211.1,270.89
2.32588,2931.717,4974630.2,270.87
2.32756,2931.338,4974047.8,270.85
2.32925,2930.957,4973464.0,270.83
2.33093,2930.576,4972878.2,270.80
2.33262,2930.193,4972290.1,270.78
2.33431,2929.808,4971699.6,270.76
2.33600,2929.422,4971107.0,270.74
2.33768,2929.035,4970512.2,270.72
2.33938,2928.646,4969915.4,270.70
2.34107,2928.256,4969316.7,270.67
2.34276,2927.865,4968716.2,270.65
2.34445,2927.473,4968113.9,270.63
2.34615,2927.080,4967509.8,270.61
2.34784,2926.685,4966904.0,270.59
2.34954,2926.289,4966296.5,270.56
2.35124,2925.893,4965687.5,270.54
2.35293,2925.495,4965076.8,270.52
2.35463,2925.096,4964464.6,270.50
2.35633,2924.697,4963850.8,270.48
2.35804,2924.296,4963235.1,270.45
2.35974,2923.893,4962616.9,270.43
2.36144,2923.489,4961996.4,270.41
2.36315,2923.083,4961373.6,270.38
2.36485,2922.676,4960748.8,270.36
2.36656,2922.268,4960121.9,270.34
2.36827,2921.858,4959493.0,270.32
2.36998,2921.448,4958862.3,270.29
2.37169,2921.036,4958229.7,270.27
2.37340,2920.623,4957595.4,270.25
2.37511,2920.208,4956959.4,270.22
2.37682,2919.793,4956321.6,270.20
2.37853,2919.377,4955682.2,270.18
2.38025,2918.959,4955041.2,270.15
2.38197,2918.541,4954398.6,270.13
2.38368,2918.121,4953754.4,270.11
2.38540,2917.700,4953108.0,270.08
2.38712,2917.277,4952459.2,270.06
2.38884,2916.853,4951807.9,270.04
2.39056,2916.428,4951154.5,270.01
2.39228,2916.001,4950498.9,269.99
2.39401,2915.572,4949841.2,269.96
2.39573,2915.143,4949181.6,269.94
2.39745,2914.712,4948520.1,269.92
2.39918,2914.280,4947856.7,269.89
2.40091,2913.847,4947191.6,269.87
2.40264,2913.412,4946524.7,269.84
2.40437,2912.977,4945856.1,269.82
2.40610,2912.541,4945185.8,269.79
2.40783,2912.103,4944513.8,269.77
2.40956,2911.664,4943840.3,269.75
2.41129,2911.224,4943165.0,269.72
2.41303,2910.783,4942487.2,269.70
2.41476,2910.340,4941807.0,269.67
2.41650,2909.895,4941124.3,269.65
2.41824,2909.449,4940439.5,269.62
2.41998,2909.002,4939752.5,269.60
2.42172,2908.553,4939063.5,269.57
2.42346,2908.103,4938372.5,269.55
2.42520,2907.652,4937679.5,269.52
2.42694,2907.199,4936984.7,269.50
2.42869,2906.746,4936288.1,269.47
2.43043,2906.291,4935589.8,269.44
2.43218,2905.835,4934889.7,269.42
2.43392,2905.378,4934187.9,269.39
2.43567,2904.920,4933484.4,269.37
2.43742,2904.460,4932779.3,269.34
2.43917,2904.000,4932072.0,269.32
2.44092,2903.537,4931362.1,269.29
2.44267,2903.074,4930649.8,269.26
2.44443,2902.608,4929935.1,269.24
2.44618,2902.141,4929218.3,269.21
2.44794,2901.673,4928499.2,269.19
2.44969,2901.203,4927778.2,269.16
2.45145,2900.732,4927055.1,269.13
2.45321,2900.260,4926330.2,269.11
2.45497,2899.787,4925603.4,269.08
2.45673,2899.312,4924874.7,269.05
2.45849,2898.837,4924144.3,269.03
2.46025,2898.360,4923412.1,269.00
2.46202,2897.882,4922678.2,268.97
2.46378,2897.403,4921942.7,268.95
2.46555,2896.923,4921205.2,268.92
2.46732,2896.441,4920465.1,268.89
2.46908,2895.957,4919722.5,268.87
2.47085,2895.472,4918977.4,268.84
2.47262,2894.985,4918230.1,268.81
2.47439,2894.497,4917480.6,268.78
2.47617,2894.007,4916729.0,268.76
2.47794,2893.516,4915975.3,268.73
2.47971,2893.024,4915219.7,268.70
2.48149,2892.531,4914462.1,268.67
2.48326,2892.036,4913702.7,268.65
2.48504,2891.541,4912941.5,268.62
2.48682,2891.044,4912178.4,268.59
2.48860,2890.546,4911413.6,268.56
2.49038,2890.046,4910647.1,268.54
2.49216,2889.546,4909878.8,268.51
2.49395,2889.044,4909107.9,268.48
2.49573,2888.540,4908334.4,268.45
2.49751,2888.035,4907558.5,268.42
2.49930,2887.528,4906780.1,268.39
2.50109,2887.020,4905999.6,268.36
2.50287,2886.510,4905216.8,268.34
2.50466,2885.999,4904432.0,268.31
2.50645,2885.486,4903645.1,268.28
2.50825,2884.972,4902856.3,268.25
2.51004,2884.457,4902065.6,268.22
2.51183,2883.941,4901273.0,268.19
2.51363,2883.424,4900478.6,268.16
2.51542,2882.905,4899682.4,268.13
2.51722,2882.386,4898884.4,268.11
2.51901,2881.865,4898084.7,268.08
2.52081,2881.342,4897282.3,268.05
2.52261,2880.818,4896477.3,268.02
2.52441,2880.292,4895669.8,267.99
2.52622,2879.765,4894859.9,267.96
2.52802,2879.236,4894047.7,267.93
2.52982,2878.705,4893233.3,267.90
2.53163,2878.173,4892416.7,267.87
2.53343,2877.640,4891598.1,267.84
2.53524,2877.106,4890777.5,267.81
2.53705,2876.570,4889954.9,267.78
2.53886,2876.033,4889130.4,267.75
2.54067,2875.495,4888304.1,267.72
2.54248,2874.956,4887475.9,267.69
2.54429,2874.415,4886645.9,267.66
2.54611,2873.873,4885814.1,267.63
2.54792,2873.330,4884979.7,267.60
2.54974,2872.785,4884142.6,267.57
2.55155,2872.238,4883303.0,267.54
2.55337,2871.689,4882460.9,267.51
2.55519,2871.139,4881616.5,267.47
2.55701,2870.588,4880769.8,267.44
2.55883,2870.035,4879921.0,267.41
2.56065,2869.481,4879070.1,267.38
2.56248,2868.925,4878217.1,267.35
2.56430,2868.369,4877362.2,267.32
2.56613,2867.811,4876505.3,267.29
2.56795,2867.251,4875646.6,267.26
2.56978,2866.691,4874785.9,267.23
2.57161,2866.129,4873923.5,267.19
2.57344,2865.566,4873059.2,267.16
2.57527,2865.002,4872192.1,267.13
2.57710,2864.435,4871322.3,267.10
2.57894,2863.867,4870449.9,267.07
2.58077,2863.297,4869575.1,267.03
2.58261,2862.726,4868697.9,267.00
2.58444,2862.153,4867818.5,266.97
2.58628,2861.579,4866936.9,266.94
2.58812,2861.003,4866053.2,266.91
2.58996,2860.427,4865167.4,266.87
2.59180,2859.848,4864279.6,266.84
2.59364,2859.269,4863389.8,266.81
2.59548,2858.688,4862498.2,266.78
2.59733,2858.106,4861604.6,266.74
2.59917,2857.523,4860709.2,266.71
2.60102,2856.938,4859811.7,266.68
2.60286,2856.352,4858911.3,266.65
2.60471,2855.764,4858008.3,266.61
2.60656,2855.174,4857102.6,266.58
2.60841,2854.583,4856194.5,266.55
2.61026,2853.990,4855284.0,266.51
2.61212,2853.395,4854371.3,266.48
2.61397,2852.799,4853456.3,266.45
2.61582,2852.202,4852539.3,266.41
2.61768,2851.604,4851620.1,266.38
2.61954,2851.004,4850698.9,266.34
2.62139,2850.402,4849775.8,266.31
2.62325,2849.800,4848850.7,266.28
2.62511,2849.196,4847923.7,266.24
2.62698,2848.591,4846994.8,266.21
2.62884,2847.985,4846063.4,266.18
2.63070,2847.376,4845129.2,266.14
2.63257,2846.766,4844192.2,266.11
2.63443,2846.154,4843252.7,266.07
2.63630,2845.541,4842310.7,266.04
2.63817,2844.926,4841366.4,266.00
2.64003,2844.309,4840419.8,265.97
2.64190,2843.691,4839470.9,265.93
2.64378,2843.072,4838520.0,265.90
2.64565,2842.451,4837566.9,265.86
2.64752,2841.829,4836611.8,265.83
2.64940,2841.206,4835654.7,265.79
2.65127,2840.581,4834695.7,265.76
2.65315,2839.955,4833734.7,265.72
2.65503,2839.328,4832771.7,265.69
2.65690,2838.699,4831805.8,265.65
2.65878,2838.068,4830837.1,265.62
2.66066,2837.435,4829865.7,265.58
2.66255,2836.801,4828891.8,265.55
2.66443,2836.165,4827915.4,265.51
2.66631,2835.528,4826936.7,265.48
2.66820,2834.889,4825955.7,265.44
2.67009,2834.249,4824972.5,265.40
2.67197,2833.607,4823987.2,265.37
2.67386,2832.964,4822999.7,265.33
2.67575,2832.319,4822010.2,265.29
2.67764,2831.674,4821018.8,265.26
2.67953,2831.027,4820025.3,265.22
2.68143,2830.378,4819029.9,265.19
2.68332,2829.728,4818031.9,265.15
2.68522,2829.076,4817031.0,265.11
2.68711,2828.423,4816027.3,265.08
2.68901,2827.767,4815021.0,265.04
2.69091,2827.110,4814012.2,265.00
2.69281,2826.452,4813000.9,264.96
2.69471,2825.792,4811987.3,264.93
2.69661,2825.130,4810971.4,264.89
2.69852,2824.467,4809953.4,264.85
2.70042,2823.803,4808933.2,264.82
2.70232,2823.137,4807910.9,264.78
2.70423,2822.470,4806886.6,264.74
2.70614,2821.801,4805860.3,264.70
2.70805,2821.132,4804832.0,264.67
2.70996,2820.460,4803801.3,264.63
2.71187,2819.787,4802767.7,264.59
2.71378,2819.112,4801731.2,264.55
2.71569,2818.435,4800692.0,264.51
2.71761,2817.757,4799650.3,264.48
2.71952,2817.077,4798606.0,264.44
2.72144,2816.395,4797559.4,264.40
2.72336,2815.712,4796510.4,264.36
2.72527,2815.027,4795459.2,264.32
2.72719,2814.341,4794405.8,264.28
2.72911,2813.654,4793350.3,264.24
2.73104,2812.965,4792292.7,264.21
2.73296,2812.275,4791233.0,264.17
2.73488,2811.583,4790171.4,264.13
2.73681,2810.891,4789107.5,264.09
2.73874,2810.196,4788040.6,264.05
2.74066,2809.499,4786970.9,264.01
2.74259,2808.801,4785898.3,263.97
2.74452,2808.100,4784823.1,263.93
2.74645,2807.398,4783745.4,263.89
2.74838,2806.695,4782665.3,263.85
2.75032,2805.990,4781582.7,263.81
2.75225,2805.283,4780497.9,263.77
2.75419,2804.575,4779410.9,263.73
2.75612,2803.866,4778321.7,263.69
2.75806,2803.155,4777230.4,263.65
2.76000,2802.443,4776136.9,263.61
2.76194,2801.730,4775041.5,263.57
2.76388,2801.015,4773943.9,263.53
2.76582,2800.298,4772843.3,263.49
2.76777,2799.579,4771739.7,263.45
2.76971,2798.859,4770633.4,263.41
2.77165,2798.137,4769524.3,263.37
2.77360,2797.413,4768412.7,263.33
2.77555,2796.687,4767298.6,263.29
2.77750,2795.960,4766182.1,263.25
2.77945,2795.231,4765063.3,263.21
2.78140,2794.501,4763942.2,263.16
2.78335,2793.770,4762818.9,263.12
2.78530,2793.037,4761693.5,263.08
2.78726,2792.302,4760565.9,263.04
2.78921,2791.567,4759436.3,263.00
2.79117,2790.829,4758304.5,262.96
2.79313,2790.090,4757169.7,262.92
2.79509,2789.349,4756031.9,262.87
2.79705,2788.606,4754891.3,262.83
2.79901,2787.862,4753747.9,262.79
2.80097,2787.115,4752602.0,262.75
2.80293,2786.367,4751453.5,262.71
2.80490,2785.618,4750302.6,262.66
2.80686,2784.867,4749149.3,262.62
2.80883,2784.114,4747993.8,262.58
2.81080,2783.360,4746836.0,262.54
2.81277,2782.605,4745676.1,262.49
2.81474,2781.848,4744514.0,262.45
2.81671,2781.090,4743349.8,262.41
2.81868,2780.330,4742183.4,262.37
2.82066,2779.568,4741013.9,262.32
2.82263,2778.805,4739841.3,262.28
2.82461,2778.039,4738665.9,262.24
2.82658,2777.272,4737487.8,262.19
2.82856,2776.503,4736307.0,262.15
2.83054,2775.732,4735123.7,262.11
2.83252,2774.960,4733938.0,262.06
2.83450,2774.186,4732749.9,262.02
2.83648,2773.411,4731559.5,261.97
2.83847,2772.634,4730366.8,261.93
2.84045,2771.856,4729171.9,261.89
2.84244,2771.076,4727974.9,261.84
2.84443,2770.295,4726775.7,261.80
2.84642,2769.513,4725574.1,261.75
2.84840,2768.728,4724369.4,261.71
2.85040,2767.942,4723161.7,261.67
2.85239,2767.153,4721951.0,261.62
2.85438,2766.363,4720737.7,261.58
2.85637,2765.571,4719521.7,261.53
2.85837,2764.778,4718303.2,261.49
2.86037,2763.982,4717082.2,261.44
2.86236,2763.186,4715858.8,261.40
2.86436,2762.387,4714633.1,261.35
2.86636,2761.588,4713405.1,261.31
2.86836,2760.786,4712174.9,261.26
2.87036,2759.984,4710942.6,261.22
2.87237,2759.180,4709708.1,261.17
2.87437,2758.374,4708470.9,261.12
2.87638,2757.566,4707230.5,261.08
2.87838,2756.756,4705987.1,261.03
2.88039,2755.945,4704740.9,260.99
2.88240,2755.131,4703491.9,260.94
2.88441,2754.316,4702240.3,260.89
2.88642,2753.499,4700986.1,260.85
2.88843,2752.681,4699729.5,260.80
2.89045,2751.861,4698470.5,260.76
2.89246,2751.039,4697209.1,260.71
2.89448,2750.217,4695945.5,260.66
2.89649,2749.392,4694679.6,260.62
2.89851,2748.566,4693411.6,260.57
2.90053,2747.739,4692141.4,260.52
2.90255,2746.910,4690868.0,260.48
2.90457,2746.078,4689591.6,260.43
2.90659,2745.245,4688312.1,260.38
2.90862,2744.410,4687029.8,260.33
2.91064,2743.573,4685744.8,260.29
2.91267,2742.734,4684457.2,260.24
2.91470,2741.894,4683167.0,260.19
2.91672,2741.052,4681874.4,260.14
2.91875,2740.209,4680579.3,260.10
2.92078,2739.364,4679282.0,260.05
2.92282,2738.518,4677982.3,260.00
2.92485,2737.670,4676680.5,259.95
2.92688,2736.820,4675376.4,259.90
2.92892,2735.969,4674069.7,259.86
2.93096,2735.116,4672759.9,259.81
2.93299,2734.261,4671446.9,259.76
2.93503,2733.404,4670131.0,259.71
2.93707,2732.545,4668812.2,259.66
2.93911,2731.685,4667490.8,259.61
2.94115,2730.822,4666166.7,259.56
2.94320,2729.958,4664840.1,259.51
2.94524,2729.093,4663511.1,259.47
2.94729,2728.226,4662179.7,259.42
2.94933,2727.357,4660845.9,259.37
2.95138,2726.487,4659509.9,259.32
2.95343,2725.615,4658171.6,259.27
2.95548,2724.742,4656831.0,259.22
2.95753,2723.867,4655487.4,259.17
2.95959,2722.990,4654140.5,259.12
2.96164,2722.111,4652790.6,259.07
2.96369,2721.230,4651437.9,259.02
2.96575,2720.347,4650082.3,258.97
2.96781,2719.462,4648724.0,258.92
2.96987,2718.576,4647363.2,258.87
2.97192,2717.688,4645999.9,258.82
2.97399,2716.799,4644634.1,258.77
2.97605,2715.908,4643265.9,258.72
2.97811,2715.015,4641895.5,258.67
2.98017,2714.121,4640522.7,258.62
2.98224,2713.226,4639147.7,258.56
2.98431,2712.328,4637770.0,258.51
2.98637,2711.429,4636388.9,258.46
2.98844,2710.527,4635004.8,258.41
2.99051,2709.624,4633617.6,258.36
2.99258,2708.719,4632227.6,258.31
2.99465,2707.812,4630834.9,258.26
2.99673,2706.903,4629439.6,258.20
2.99880,2705.992,4628041.7,258.15
3.00088,2705.080,4626641.3,258.10
3.00296,2704.167,4625238.4,258.05
3.00503,2703.252,4623833.3,258.00
3.00711,2702.335,4622425.8,257.95
3.00919,2701.417,4621016.0,257.89
3.01127,2700.497,4619603.7,257.84
3.01336,2699.575,4618188.2,257.79
3.01544,2698.651,4616769.4,257.74
3.01753,2697.725,4615347.6,257.68
3.01961,2696.797,4613922.9,257.63
3.02170,2695.868,4612495.4,257.58
3.02379,2694.936,4611065.3,257.52
3.02588,2694.003,4609632.5,257.47
3.02797,2693.068,4608197.2,257.42
3.03006,2692.132,4606759.4,257.36
3.03215,2691.194,4605319.2,257.31
3.03425,2690.254,4603876.7,257.26
3.03634,2689.313,4602431.9,257.20
3.03844,2688.371,4600984.8,257.15
3.04054,2687.426,4599534.3,257.10
3.04264,2686.480,4598080.7,257.04
3.04474,2685.531,4596623.9,256.99
3.04684,2684.580,4595164.1,256.93
3.04894,2683.628,4593701.5,256.88
3.05104,2682.673,4592236.2,256.83
3.05315,2681.717,4590768.2,256.77
3.05525,2680.759,4589297.7,256.72
3.05736,2679.800,4587824.7,256.66
3.05947,2678.839,4586349.3,256.61
3.06158,2677.877,4584871.4,256.55
3.06369,2676.913,4583391.3,256.50
3.06580,2675.947,4581908.8,256.44
3.06791,2674.980,4580423.1,256.39
3.07003,2674.010,4578934.2,256.33
3.07214,2673.038,4577442.1,256.28
3.07426,2672.065,4575947.0,256.22
3.07638,2671.089,4574449.0,256.16
3.07850,2670.112,4572948.3,256.11
3.08062,2669.132,4571444.9,256.05
3.08274,2668.152,4569938.9,256.00
3.08486,2667.169,4568430.4,255.94
3.08698,2666.185,4566919.5,255.89
3.08911,2665.199,4565406.1,255.83
3.09123,2664.212,4563890.4,255.77
3.09336,2663.224,4562372.3,255.72
3.09549,2662.233,4560851.2,255.66
3.09762,2661.240,4559326.7,255.60
3.09975,2660.245,4557799.0,255.55
3.10188,2659.248,4556268.3,255.49
3.10401,2658.249,4554734.7,255.43
3.10615,2657.249,4553198.3,255.37
3.10828,2656.246,4551659.2,255.32
3.11042,2655.242,4550117.5,255.26
3.11256,2654.237,4548573.3,255.20
3.11470,2653.229,4547026.5,255.15
3.11684,2652.220,4545477.4,255.09
3.11898,2651.210,4543925.9,255.03
3.12112,2650.198,4542372.0,254.97
3.12326,2649.184,4540815.0,254.91
3.12541,2648.168,4539254.7,254.86
3.12755,2647.149,4537691.1,254.80
3.12970,2646.129,4536124.5,254.74
3.13185,2645.107,4534555.0,254.68
3.13400,2644.083,4532982.7,254.62
3.13615,2643.057,4531407.6,254.56
3.13830,2642.030,4529829.9,254.50
3.14045,2641.000,4528249.7,254.45
3.14261,2639.970,4526667.0,254.39
3.14476,2638.937,4525081.8,254.33
3.14692,2637.903,4523494.3,254.27
3.14908,2636.868,4521904.4,254.21
3.15124,2635.830,4520311.2,254.15
3.15340,2634.791,4518714.7,254.09
3.15556,2633.749,4517114.9,254.03
3.15772,2632.705,4515512.2,253.97
3.15988,2631.659,4513906.5,253.91
3.16205,2630.611,4512297.9,253.85
3.16421,2629.562,4510686.7,253.79
3.16638,2628.511,4509072.8,253.73
3.16855,2627.458,4507456.4,253.67
3.17072,2626.404,4505837.4,253.61
3.17289,2625.348,4504216.0,253.55
3.17506,2624.290,4502592.2,253.49
3.17723,2623.231,4500966.0,253.43
3.17941,2622.170,4499336.4,253.37
3.18158,2621.106,4497703.5,253.31
3.18376,2620.041,4496067.3,253.24
3.18594,2618.973,4494428.1,253.18
3.18812,2617.904,4492786.0,253.12
3.19030,2616.833,4491141.1,253.06
3.19248,2615.759,4489493.4,253.00
3.19466,2614.685,4487843.1,252.94
3.19684,2613.608,4486190.3,252.88
3.19903,2612.530,4484534.9,252.81
3.20121,2611.450,4482877.1,252.75
3.20340,2610.369,4481216.9,252.69
3.20559,2609.286,4479554.1,252.63
3.20778,2608.201,4477887.8,252.57
3.20997,2607.114,4476218.2,252.50
3.21216,2606.024,4474545.4,252.44
3.21435,2604.933,4472869.6,252.38
3.21655,2603.839,4471190.8,252.31
3.21874,2602.744,4469509.3,252.25
3.22094,2601.647,4467825.0,252.19
3.22314,2600.549,4466138.1,252.13
3.22534,2599.448,4464448.6,252.06
3.22754,2598.346,4462756.7,252.00
3.22974,2597.243,4461062.3,251.94
3.23194,2596.138,4459365.5,251.87
3.23415,2595.031,4457665.7,251.81
3.23635,2593.922,4455962.5,251.75
3.23856,2592.810,4454256.0,251.68
3.24076,2591.697,4452546.4,251.62
3.24297,2590.581,4450833.7,251.55
3.24518,2589.464,4449118.1,251.49
3.24739,2588.345,4447399.8,251.42
3.24961,2587.224,4445678.7,251.36
3.25182,2586.101,4443955.0,251.30
3.25403,2584.977,4442228.8,251.23
3.25625,2583.851,4440500.0,251.17
3.25847,2582.724,4438768.8,251.10
3.26068,2581.595,4437035.2,251.04
3.26290,2580.463,4435298.3,250.97
3.26512,2579.330,4433557.9,250.91
3.26735,2578.194,4431814.3,250.84
3.26957,2577.057,4430067.6,250.77
3.27179,2575.917,4428317.9,250.71
3.27402,2574.776,4426565.3,250.64
3.27624,2573.633,4424809.9,250.58
3.27847,2572.488,4423051.9,250.51
3.28070,2571.341,4421291.2,250.44
3.28293,2570.193,4419528.1,250.38
3.28516,2569.043,4417762.4,250.31
3.28739,2567.891,4415994.3,250.25
3.28963,2566.738,4414223.5,250.18
3.29186,2565.582,4412449.2,250.11
3.29410,2564.425,4410671.5,250.05
3.29633,2563.265,4408890.6,249.98
3.29857,2562.103,4407106.7,249.91
3.30081,2560.939,4405319.8,249.84
3.30305,2559.774,4403530.0,249.78
3.30530,2558.606,4401737.6,249.71
3.30754,2557.437,4399942.4,249.64
3.30978,2556.266,4398144.7,249.58
3.31203,2555.094,4396344.5,249.51
3.31427,2553.920,4394541.7,249.44
3.31652,2552.744,4392736.6,249.37
3.31877,2551.566,4390928.2,249.30
3.32102,2550.386,4389116.4,249.24
3.32327,2549.204,4387301.3,249.17
3.32553,2548.020,4385483.0,249.10
3.32778,2546.834,4383661.7,249.03
3.33003,2545.646,4381837.5,248.96
3.33229,2544.456,4380010.5,248.89
3.33455,2543.264,4378180.8,248.82
3.33681,2542.071,4376348.4,248.75
3.33907,2540.876,4374513.5,248.69
3.34133,2539.679,4372676.1,248.62
3.34359,2538.481,4370836.3,248.55
3.34585,2537.281,4368993.7,248.48
3.34812,2536.079,4367147.6,248.41
3.35038,2534.874,4365298.1,248.34
3.35265,2533.667,4363445.4,248.27
3.35492,2532.459,4361589.5,248.20
3.35719,2531.248,4359730.8,248.13
3.35946,2530.036,4357869.1,248.06
3.36173,2528.822,4356004.7,247.99
3.36400,2527.606,4354137.7,247.92
3.36628,2526.388,4352268.0,247.85
3.36855,2525.169,4350395.8,247.78
3.37083,2523.948,4348521.1,247.71
3.37311,2522.725,4346643.9,247.64
3.37539,2521.500,4344763.4,247.56
3.37767,2520.273,4342879.5,247.49
3.37995,2519.044,4340992.2,247.42
3.38223,2517.813,4339101.8,247.35
3.38451,2516.580,4337208.3,247.28
3.38680,2515.345,4335312.0,247.21
3.38908,2514.108,4333412.9,247.14
3.39137,2512.869,4331511.0,247.06
3.39366,2511.629,4329606.5,246.99
3.39595,2510.387,4327699.5,246.92
3.39824,2509.143,4325789.9,246.85
3.40053,2507.898,4323877.9,246.78
3.40283,2506.651,4321963.0,246.70
3.40512,2505.402,4320044.5,246.63
3.40742,2504.150,4318122.6,246.56
3.40971,2502.896,4316197.5,246.48
3.41201,2501.640,4314269.3,246.41
3.41431,2500.383,4312338.3,246.34
3.41661,2499.123,4310404.3,246.27
3.41891,2497.862,4308467.6,246.19
3.42121,2496.599,4306528.3,246.12
3.42352,2495.334,4304586.4,246.05
3.42582,2494.068,4302641.9,245.97
3.42813,2492.800,4300695.0,245.90
3.43044,2491.530,4298745.4,245.82
3.43275,2490.258,4296792.3,245.75
3.43506,2488.984,4294835.7,245.68
3.43737,2487.707,4292875.9,245.60
3.43968,2486.429,4290913.0,245.53
3.44199,2485.149,4288947.0,245.45
3.44431,2483.866,4286978.3,245.38
3.44663,2482.582,4285006.7,245.30
3.44894,2481.297,4283032.4,245.23
3.45126,2480.009,4281055.6,245.15
3.45358,2478.720,4279076.2,245.08
3.45590,2477.429,4277094.3,245.00
3.45822,2476.137,4275109.9,244.93
3.46055,2474.842,4273122.0,244.85
3.46287,2473.545,4271130.7,244.78
3.46520,2472.246,4269136.1,244.70
3.46752,2470.945,4267138.3,244.63
3.46985,2469.642,4265137.5,244.55
3.47218,2468.337,4263133.8,244.47
3.47451,2467.030,4261127.3,244.40
3.47684,2465.722,4259118.1,244.32
3.47918,2464.412,4257106.3,244.24
3.48151,2463.100,4255091.9,244.17
3.48384,2461.786,4253075.0,244.09
3.48618,2460.471,4251055.7,244.01
3.48852,2459.154,4249033.0,243.94
3.49086,2457.834,4247006.9,243.86
3.49320,2456.512,4244977.4,243.78
3.49554,2455.188,4242944.8,243.71
3.49788,2453.863,4240909.1,243.63
3.50022,2452.535,4238870.5,243.55
3.50257,2451.205,4236829.1,243.47
3.50492,2449.874,4234785.0,243.40
3.50726,2448.541,4232738.2,243.32
3.50961,2447.206,4230688.8,243.24
3.51196,2445.870,4228637.0,243.16
3.51431,2444.532,4226582.7,243.08
3.51666,2443.192,4224525.2,243.01
3.51902,2441.850,4222464.3,242.93
3.52137,2440.506,4220399.9,242.85
3.52373,2439.159,4218332.4,242.77
3.52608,2437.811,4216261.8,242.69
3.52844,2436.460,4214188.3,242.61
3.53080,2435.108,4212112.0,242.53
3.53316,2433.754,4210032.9,242.45
3.53552,2432.398,4207951.2,242.37
3.53789,2431.041,4205866.9,242.29
3.54025,2429.682,4203780.1,242.21
3.54262,2428.321,4201690.9,242.14
3.54498,2426.958,4199598.6,242.05
3.54735,2425.593,4197502.8,241.97
3.54972,2424.226,4195403.5,241.89
3.55209,2422.857,4193301.1,241.81
3.55446,2421.486,4191195.6,241.73
3.55683,2420.112,4189087.2,241.65
3.55921,2418.737,4186976.0,241.57
3.56158,2417.361,4184862.0,241.49
3.56396,2415.982,4182745.3,241.41
3.56633,2414.602,4180626.1,241.33
3.56871,2413.220,4178504.4,241.25
3.57109,2411.837,4176380.2,241.17
3.57347,2410.451,4174253.0,241.09
3.57585,2409.064,4172122.3,241.01
3.57824,2407.674,4169988.2,240.92
3.58062,2406.282,4167850.8,240.84
3.58301,2404.888,4165710.5,240.76
3.58540,2403.492,4163567.1,240.68
3.58778,2402.094,4161421.0,240.60
3.59017,2400.695,4159272.1,240.51
3.59256,2399.293,4157120.6,240.43
3.59495,2397.890,4154966.5,240.35
3.59735,2396.486,4152809.9,240.27
3.59974,2395.080,4150650.8,240.18
3.60214,2393.672,4148488.7,240.10
3.60453,2392.261,4146323.1,240.02
3.60693,2390.849,4144154.2,239.93
3.60933,2389.434,4141982.0,239.85
3.61173,2388.017,4139806.8,239.77
3.61413,2386.599,4137628.6,239.68
3.61653,2385.178,4135447.6,239.60
3.61894,2383.756,4133263.9,239.52
3.62134,2382.332,4131077.6,239.43
3.62375,2380.907,4128888.7,239.35
3.62616,2379.479,4126697.3,239.27
3.62856,2378.051,4124503.4,239.18
3.63097,2376.620,4122306.5,239.10
3.63338,2375.187,4120106.1,239.01
3.63580,2373.751,4117902.3,238.93
3.63821,2372.314,4115695.4,238.84
3.64062,2370.875,4113485.4,238.76
3.64304,2369.434,4111272.5,238.67
3.64546,2367.991,4109056.7,238.59
3.64787,2366.546,4106838.3,238.50
3.65029,2365.099,4104617.2,238.42
3.65271,2363.651,4102393.6,238.33
3.65514,2362.201,4100167.5,238.25
3.65756,2360.750,4097939.0,238.16
3.65998,2359.296,4095707.3,238.08
3.66241,2357.841,4093472.1,237.99
3.66483,2356.383,4091233.5,237.90
3.66726,2354.923,4088991.8,237.82
3.66969,2353.461,4086747.1,237.73
3.67212,2351.997,4084499.5,237.64
3.67455,2350.531,4082249.1,237.56
3.67698,2349.064,4079996.0,237.47
3.67942,2347.595,4077740.3,237.38
3.68185,2346.124,4075482.1,237.30
3.68429,2344.652,4073221.4,237.21
3.68673,2343.178,4070958.2,237.12
3.68916,2341.702,4068691.8,237.03
3.69160,2340.223,4066421.9,236.95
3.69405,2338.743,4064148.6,236.86
3.69649,2337.260,4061872.3,236.77
3.69893,2335.776,4059593.0,236.68
3.70137,2334.290,4057310.8,236.60
3.70382,2332.802,4055025.8,236.51
3.70627,2331.312,4052738.2,236.42
3.70872,2329.820,4050448.0,236.33
3.71116,2328.327,4048155.3,236.24
3.71361,2326.832,4045860.1,236.15
3.71607,2325.336,4043562.5,236.07
3.71852,2323.837,4041261.4,235.98
3.72097,2322.336,4038956.9,235.89
3.72343,2320.833,4036649.1,235.80
3.72588,2319.328,4034338.3,235.71
3.72834,2317.821,4032024.5,235.62
3.73080,2316.313,4029707.9,235.53
3.73326,2314.802,4027388.5,235.44
3.73572,2313.290,4025066.5,235.35
3.73818,2311.776,4022741.9,235.26
3.74065,2310.260,4020414.9,235.17
3.74311,2308.743,4018085.4,235.08
3.74558,2307.224,4015753.3,234.99
3.74805,2305.703,4013417.7,234.90
3.75051,2304.180,4011078.8,234.81
3.75298,2302.655,4008736.6,234.72
3.75545,2301.127,4006391.4,234.63
3.75793,2299.598,4004043.3,234.54
3.76040,2298.067,4001692.4,234.45
3.76287,2296.534,3999338.8,234.35
3.76535,2294.999,3996982.6,234.26
3.76783,2293.463,3994623.8,234.17
3.77030,2291.925,3992262.6,234.08
3.77278,2290.386,3989899.1,233.99
3.77526,2288.845,3987532.6,233.90
3.77775,2287.301,3985162.6,233.80
3.78023,2285.756,3982789.4,233.71
3.78271,2284.208,3980412.9,233.62
3.78520,2282.658,3978033.5,233.53
3.78768,2281.107,3975651.3,233.43
3.79017,2279.554,3973266.2,233.34
3.79266,2277.999,3970878.5,233.25
3.79515,2276.442,3968488.3,233.16
3.79764,2274.883,3966095.6,233.06
3.80013,2273.324,3963700.4,232.97
3.80263,2271.762,3961302.9,232.88
3.80512,2270.199,3958902.1,232.78
3.80762,2268.633,3956498.0,232.69
3.81011,2267.065,3954090.6,232.60
3.81261,2265.495,3951680.1,232.50
3.81511,2263.923,3949266.7,232.41
3.81761,2262.350,3946850.5,232.32
3.82011,2260.774,3944431.6,232.22
3.82262,2259.197,3942010.0,232.13
3.82512,2257.618,3939586.0,232.03
3.82763,2256.038,3937159.5,231.94
3.83013,2254.456,3934730.6,231.84
3.83264,2252.873,3932299.3,231.75
3.83515,2251.287,3929864.5,231.65
3.83766,2249.699,3927426.4,231.56
3.84017,2248.109,3924985.1,231.46
3.84268,2246.517,3922540.8,231.37
3.84520,2244.924,3920093.6,231.27
3.84771,2243.328,3917643.7,231.18
3.85023,2241.731,3915191.1,231.08
3.85274,2240.132,3912736.0,230.99
3.85526,2238.531,3910278.4,230.89
3.85778,2236.929,3907818.4,230.79
3.86030,2235.325,3905356.0,230.70
3.86283,2233.720,3902890.8,230.60
3.86535,2232.112,3900422.2,230.50
3.86787,2230.502,3897950.4,230.41
3.87040,2228.890,3895475.4,230.31
3.87292,2227.277,3892997.5,230.21
3.87545,2225.661,3890516.8,230.12
3.87798,2224.044,3888033.5,230.02
3.88051,2222.425,3885547.5,229.92
3.88304,2220.804,3883059.0,229.83
3.88558,2219.182,3880568.1,229.73
3.88811,2217.558,3878074.9,229.63
3.89065,2215.932,3875579.3,229.53
3.89318,2214.305,3873080.4,229.44
3.89572,2212.675,3870578.2,229.34
3.89826,2211.044,3868072.9,229.24
3.90080,2209.410,3865564.5,229.14
3.90334,2207.775,3863053.3,229.04
3.90588,2206.137,3860539.4,228.94
3.90842,2204.498,3858022.8,228.84
3.91097,2202.858,3855503.7,228.75
3.91351,2201.216,3852982.2,228.65
3.91606,2199.572,3850458.3,228.55
3.91861,2197.927,3847932.0,228.45
3.92116,2196.280,3845403.2,228.35
3.92371,2194.630,3842871.0,228.25
3.92626,2192.979,3840335.5,228.15
3.92881,2191.326,3837797.0,228.05
3.93137,2189.671,3835255.5,227.95
3.93392,2188.014,3832711.3,227.85
3.93648,2186.355,3830164.4,227.75
3.93904,2184.695,3827615.0,227.65
3.94160,2183.033,3825063.1,227.55
3.94416,2181.369,3822508.8,227.45
3.94672,2179.704,3819952.2,227.35
3.94928,2178.037,3817393.4,227.25
3.95184,2176.369,3814831.4,227.15
3.95441,2174.698,3812266.1,227.05
3.95697,2173.025,3809697.7,226.95
3.95954,2171.351,3807126.3,226.84
3.96211,2169.674,3804552.1,226.74
3.96468,2167.996,3801975.3,226.64
3.96725,2166.316,3799395.8,226.54
3.96982,2164.635,3796813.9,226.44
3.97239,2162.951,3794229.5,226.34
3.97497,2161.267,3791642.9,226.23
3.97754,2159.581,3789053.9,226.13
3.98012,2157.893,3786462.5,226.03
3.98270,2156.203,3783867.7,225.93
3.98527,2154.511,3781269.7,225.83
3.98785,2152.817,3778668.7,225.72
3.99044,2151.121,3776064.9,225.62
3.99302,2149.424,3773458.3,225.52
3.99560,2147.724,3770849.1,225.41
3.99819,2146.023,3768237.4,225.31
4.00077,2144.321,3765623.3,225.21
4.00336,2142.617,3763006.8,225.10
4.00595,2140.911,3760388.1,225.00
4.00854,2139.204,3757767.2,224.90
4.01113,2137.495,3755143.2,224.79
4.01372,2135.784,3752515.9,224.69
4.01631,2134.071,3749885.6,224.58
4.01891,2132.356,3747252.4,224.48
4.02150,2130.640,3744616.4,224.38
4.02410,2128.921,3741977.8,224.27
4.02669,2127.201,3739336.7,224.17
4.02929,2125.479,3736693.2,224.06
4.03189,2123.756,3734047.3,223.96
4.03449,2122.032,3731399.1,223.85
4.03710,2120.305,3728748.8,223.75
4.03970,2118.578,3726095.9,223.64
4.04230,2116.848,3723439.7,223.54
4.04491,2115.116,3720780.4,223.43
4.04752,2113.382,3718118.2,223.33
4.05012,2111.646,3715453.2,223.22
4.05273,2109.909,3712785.5,223.11
4.05534,2108.170,3710115.4,223.01
4.05796,2106.429,3707442.7,222.90
4.06057,2104.687,3704767.8,222.80
4.06318,2102.944,3702090.5,222.69
4.06580,2101.199,3699411.1,222.58
4.06841,2099.452,3696729.5,222.48
4.07103,2097.704,3694044.8,222.37
4.07365,2095.953,3691356.9,222.26
4.07627,2094.201,3688666.0,222.15
4.07889,2092.446,3685972.3,222.05
4.08151,2090.690,3683276.0,221.94
4.08414,2088.932,3680577.1,221.83
4.08676,2087.173,3677875.7,221.73
4.08939,2085.412,3675172.0,221.62
4.09201,2083.650,3672466.1,221.51
4.09464,2081.886,3669758.0,221.40
4.09727,2080.121,3667047.7,221.29
4.09990,2078.354,3664334.8,221.19
4.10253,2076.585,3661618.7,221.08
4.10516,2074.814,3658899.5,220.97
4.10780,2073.042,3656177.5,220.86
4.11043,2071.267,3653452.8,220.75
4.11307,2069.491,3650725.6,220.64
4.11571,2067.713,3647995.9,220.53
4.11834,2065.934,3645263.9,220.42
4.12098,2064.153,3642529.6,220.32
4.12363,2062.371,3639793.1,220.21
4.12627,2060.587,3637054.6,220.10
4.12891,2058.802,3634313.7,219.99
4.13155,2057.015,3631569.7,219.88
4.13420,2055.226,3628822.7,219.77
4.13685,2053.435,3626072.8,219.66
4.13949,2051.642,3623320.1,219.55
4.14214,2049.848,3620565.0,219.44
4.14479,2048.052,3617807.3,219.33
4.14744,2046.255,3615047.4,219.22
4.15010,2044.456,3612285.2,219.11
4.15275,2042.655,3609520.8,218.99
4.15540,2040.853,3606754.3,218.88
4.15806,2039.050,3603985.8,218.77
4.16072,2037.245,3601214.3,218.66
4.16337,2035.438,3598439.8,218.55
4.16603,2033.630,3595662.4,218.44
4.16869,2031.819,3592882.3,218.33
4.17136,2030.007,3590099.6,218.22
4.17402,2028.193,3587314.5,218.10
4.17668,2026.377,3584527.0,217.99
4.17935,2024.561,3581737.3,217.88
4.18201,2022.742,3578945.4,217.77
4.18468,2020.923,3576151.5,217.66
4.18735,2019.102,3573355.6,217.54
4.19002,2017.279,3570557.1,217.43
4.19269,2015.455,3567755.5,217.32
4.19536,2013.628,3564951.1,217.20
4.19803,2011.800,3562143.9,217.09
4.20071,2009.970,3559334.1,216.98
4.20338,2008.138,3556521.9,216.86
4.20606,2006.305,3553707.3,216.75
4.20874,2004.471,3550890.6,216.64
4.21142,2002.635,3548071.6,216.52
4.21410,2000.798,3545250.7,216.41
4.21678,1998.959,3542427.7,216.30
4.21946,1997.119,3539602.6,216.18
4.22214,1995.277,3536774.4,216.07
4.22483,1993.434,3533943.3,215.95
4.22751,1991.588,3531109.5,215.84
4.23020,1989.741,3528273.1,215.73
4.23289,1987.892,3525434.2,215.61
4.23558,1986.041,3522593.1,215.50
4.23827,1984.190,3519749.7,215.38
4.24096,1982.336,3516904.2,215.27
4.24365,1980.482,3514056.6,215.15
4.24634,1978.626,3511207.1,215.04
4.24904,1976.769,3508355.6,214.92
4.25174,1974.910,3505501.3,214.81
4.25443,1973.049,3502644.0,214.69
4.25713,1971.186,3499784.1,214.57
4.25983,1969.322,3496921.5,214.46
4.26253,1967.456,3494056.5,214.34
4.26523,1965.589,3491189.2,214.23
4.26793,1963.720,3488319.7,214.11
4.27064,1961.850,3485448.0,213.99
4.27334,1959.978,3482574.4,213.88
4.27605,1958.105,3479698.9,213.76
4.27876,1956.231,3476821.4,213.64
4.28147,1954.356,3473941.4,213.53
4.28417,1952.478,3471058.5,213.41
4.28689,1950.599,3468172.8,213.29
4.28960,1948.718,3465284.6,213.17
4.29231,1946.835,3462394.0,213.06
4.29502,1944.951,3459501.0,212.94
4.29774,1943.066,3456605.9,212.82
4.30046,1941.179,3453708.7,212.70
4.30317,1939.291,3450809.5,212.59
4.30589,1937.401,3447908.4,212.47
4.30861,1935.510,3445005.4,212.35
4.31133,1933.618,3442100.2,212.23
4.31405,1931.724,3439192.1,212.11
4.31678,1929.829,3436281.3,212.00
4.31950,1927.931,3433367.9,211.88
4.32223,1926.032,3430452.1,211.76
4.32495,1924.132,3427534.1,211.64
4.32768,1922.230,3424613.8,211.52
4.33041,1920.327,3421691.5,211.40
4.33314,1918.422,3418767.3,211.28
4.33587,1916.517,3415841.1,211.16
4.33860,1914.610,3412913.2,211.04
4.34134,1912.701,3409983.3,210.92
4.34407,1910.791,3407050.6,210.80
4.34681,1908.880,3404115.1,210.68
4.34954,1906.966,3401177.1,210.56
4.35228,1905.051,3398236.6,210.44
4.35502,1903.135,3395294.0,210.32
4.35776,1901.217,3392349.1,210.20
4.36050,1899.298,3389402.3,210.08
4.36324,1897.377,3386453.5,209.96
4.36599,1895.455,3383502.9,209.84
4.36873,1893.533,3380550.5,209.72
4.37148,1891.608,3377594.8,209.60
4.37422,1889.669,3374617.7,209.47
4.37697,1887.714,3371617.0,209.34
4.37972,1885.747,3368595.4,209.21
4.38247,1883.767,3365555.3,209.08
4.38522,1881.776,3362499.0,208.95
4.38797,1879.776,3359428.2,208.82
4.39073,1877.768,3356344.7,208.69
4.39348,1875.752,3353249.9,208.56
4.39624,1873.730,3350145.1,208.43
4.39899,1871.702,3347031.4,208.30
4.40175,1797.440,3233005.2,208.19
4.40451,1598.106,2926938.2,0.00
4.40727,1252.568,2396381.9,0.00
4.41003,969.665,1961997.7,0.00
4.41279,738.042,1606352.9,0.00
4.41555,548.405,1315174.7,0.00
4.41830,393.143,1076777.4,0.00
4.42106,266.024,881593.5,0.00
4.42382,161.948,721790.0,0.00
4.42658,76.738,590953.5,0.00
4.42934,6.973,483833.4,0.00
4.43210,0.000,396130.5,0.00
4.43486,0.000,324325.2,0.00
4.43762,0.000,265535.9,0.00
4.44037,0.000,217403.1,0.00
4.44313,0.000,177995.1,0.00
4.44589,0.000,145730.6,0.00
